0.0,-2202319.706,-4665139.176,3739368.392
0.1,-2202319.706,-4665139.176,3739368.392
0.2,-2202319.706,-4665139.176,3739368.392
0.3,-2202319.706,-4665139.176,3739368.392
0.4,-2202319.706,-4665139.176,3739368.392
0.5,-2202319.706,-4665139.176,3739368.392
0.6,-2202319.706,-4665139.176,3739368.392
0.7,-2202319.706,-4665139.176,3739368.392
0.8,-2202319.706,-4665139.176,3739368.392
0.9,-2202319.706,-4665139.176,3739368.392
1.0,-2202319.706,-4665139.176,3739368.392
1.1,-2202319.706,-4665139.176,3739368.392
1.2,-2202319.706,-4665139.176,3739368.392
1.3,-2202319.706,-4665139.176,3739368.392
1.4,-2202319.706,-4665139.176,3739368.392
1.5,-2202319.706,-4665139.176,3739368.392
1.6,-2202319.706,-4665139.176,3739368.392
1.7,-2202319.706,-4665139.176,3739368.392
1.8,-2202319.706,-4665139.176,3739368.392
1.9,-2202319.706,-4665139.176,3739368.392
2.0,-2202319.706,-4665139.176,3739368.392
2.1,-2202319.706,-4665139.176,3739368.392
2.2,-2202319.706,-4665139.176,3739368.392
2.3,-2202319.706,-4665139.176,3739368.392
2.4,-2202319.706,-4665139.176,3739368.392
2.5,-2202319.706,-4665139.176,3739368.392
2.6,-2202319.706,-4665139.176,3739368.392
2.7,-2202319.706,-4665139.176,3739368.392
2.8,-2202319.706,-4665139.176,3739368.392
2.9,-2202319.706,-4665139.176,3739368.392
3.0,-2202319.706,-4665139.176,3739368.392
3.1,-2202319.706,-4665139.176,3739368.392
3.2,-2202319.706,-4665139.176,3739368.392
3.3,-2202319.706,-4665139.176,3739368.392
3.4,-2202319.706,-4665139.176,3739368.392
3.5,-2202319.706,-4665139.176,3739368.392
3.6,-2202319.706,-4665139.176,3739368.392
3.7,-2202319.706,-4665139.176,3739368.392
3.8,-2202319.706,-4665139.176,3739368.392
3.9,-2202319.706,-4665139.176,3739368.392
4.0,-2202319.706,-4665139.176,3739368.392
4.1,-2202319.706,-4665139.176,3739368.392
4.2,-2202319.706,-4665139.176,3739368.392
4.3,-2202319.706,-4665139.176,3739368.392
4.4,-2202319.706,-4665139.176,3739368.392
4.5,-2202319.706,-4665139.176,3739368.392
4.6,-2202319.706,-4665139.176,3739368.392
4.7,-2202319.706,-4665139.176,3739368.392
4.8,-2202319.706,-4665139.176,3739368.392
4.9,-2202319.706,-4665139.176,3739368.392
5.0,-2202319.706,-4665139.176,3739368.392
5.1,-2202319.706,-4665139.176,3739368.392
5.2,-2202319.706,-4665139.176,3739368.392
5.3,-2202319.706,-4665139.176,3739368.392
5.4,-2202319.706,-4665139.176,3739368.392
5.5,-2202319.706,-4665139.176,3739368.392
5.6,-2202319.706,-4665139.176,3739368.392
5.7,-2202319.706,-4665139.176,3739368.392
5.8,-2202319.706,-4665139.176,3739368.392
5.9,-2202319.706,-4665139.176,3739368.392
6.0,-2202319.706,-4665139.176,3739368.392
6.1,-2202319.706,-4665139.176,3739368.392
6.2,-2202319.706,-4665139.176,3739368.392
6.3,-2202319.706,-4665139.176,3739368.392
6.4,-2202319.706,-4665139.176,3739368.392
6.5,-2202319.706,-4665139.176,3739368.392
6.6,-2202319.706,-4665139.176,3739368.392
6.7,-2202319.706,-4665139.176,3739368.392
6.8,-2202319.706,-4665139.176,3739368.392
6.9,-2202319.706,-4665139.176,3739368.392
7.0,-2202319.706,-4665139.176,3739368.392
7.1,-2202319.706,-4665139.176,3739368.392
7.2,-2202319.706,-4665139.176,3739368.392
7.3,-2202319.706,-4665139.176,3739368.392
7.4,-2202319.706,-4665139.176,3739368.392
7.5,-2202319.706,-4665139.176,3739368.392
7.6,-2202319.706,-4665139.176,3739368.392
7.7,-2202319.706,-4665139.176,3739368.392
7.8,-2202319.706,-4665139.176,3739368.392
7.9,-2202319.706,-4665139.176,3739368.392
8.0,-2202319.706,-4665139.176,3739368.392
8.1,-2202319.706,-4665139.176,3739368.392
8.2,-2202319.706,-4665139.176,3739368.392
8.3,-2202319.706,-4665139.176,3739368.392
8.4,-2202319.706,-4665139.176,3739368.392
8.5,-2202319.706,-4665139.176,3739368.392
8.6,-2202319.706,-4665139.176,3739368.392
8.7,-2202319.706,-4665139.176,3739368.392
8.8,-2202319.706,-4665139.176,3739368.392
8.9,-2202319.706,-4665139.176,3739368.392
9.0,-2202319.706,-4665139.176,3739368.392
9.1,-2202319.706,-4665139.176,3739368.392
9.2,-2202319.706,-4665139.176,3739368.392
9.3,-2202319.706,-4665139.176,3739368.392
9.4,-2202319.706,-4665139.176,3739368.392
9.5,-2202319.706,-4665139.176,3739368.392
9.6,-2202319.706,-4665139.176,3739368.392
9.7,-2202319.706,-4665139.176,3739368.392
9.8,-2202319.706,-4665139.176,3739368.392
9.9,-2202319.706,-4665139.176,3739368.392
10.0,-2202319.706,-4665139.176,3739368.392
10.1,-2202319.706,-4665139.176,3739368.392
10.2,-2202319.706,-4665139.176,3739368.392
10.3,-2202319.706,-4665139.176,3739368.392
10.4,-2202319.706,-4665139.176,3739368.392
10.5,-2202319.706,-4665139.176,3739368.392
10.6,-2202319.706,-4665139.176,3739368.392
10.7,-2202319.706,-4665139.176,3739368.392
10.8,-2202319.706,-4665139.176,3739368.392
10.9,-2202319.706,-4665139.176,3739368.392
11.0,-2202319.706,-4665139.176,3739368.392
11.1,-2202319.706,-4665139.176,3739368.392
11.2,-2202319.706,-4665139.176,3739368.392
11.3,-2202319.706,-4665139.176,3739368.392
11.4,-2202319.706,-4665139.176,3739368.392
11.5,-2202319.706,-4665139.176,3739368.392
11.6,-2202319.706,-4665139.176,3739368.392
11.7,-2202319.706,-4665139.176,3739368.392
11.8,-2202319.706,-4665139.176,3739368.392
11.9,-2202319.706,-4665139.176,3739368.392
12.0,-2202319.706,-4665139.176,3739368.392
12.1,-2202319.706,-4665139.176,3739368.392
12.2,-2202319.706,-4665139.176,3739368.392
12.3,-2202319.706,-4665139.176,3739368.392
12.4,-2202319.706,-4665139.176,3739368.392
12.5,-2202319.706,-4665139.176,3739368.392
12.6,-2202319.706,-4665139.176,3739368.392
12.7,-2202319.706,-4665139.176,3739368.392
12.8,-2202319.706,-4665139.176,3739368.392
12.9,-2202319.706,-4665139.176,3739368.392
13.0,-2202319.706,-4665139.176,3739368.392
13.1,-2202319.706,-4665139.176,3739368.392
13.2,-2202319.706,-4665139.176,3739368.392
13.3,-2202319.706,-4665139.176,3739368.392
13.4,-2202319.706,-4665139.176,3739368.392
13.5,-2202319.706,-4665139.176,3739368.392
13.6,-2202319.706,-4665139.176,3739368.392
13.7,-2202319.706,-4665139.176,3739368.392
13.8,-2202319.706,-4665139.176,3739368.392
13.9,-2202319.706,-4665139.176,3739368.392
14.0,-2202319.706,-4665139.176,3739368.392
14.1,-2202319.706,-4665139.176,3739368.392
14.2,-2202319.706,-4665139.176,3739368.392
14.3,-2202319.706,-4665139.176,3739368.392
14.4,-2202319.706,-4665139.176,3739368.392
14.5,-2202319.706,-4665139.176,3739368.392
14.6,-2202319.706,-4665139.176,3739368.392
14.7,-2202319.706,-4665139.176,3739368.392
14.8,-2202319.706,-4665139.176,3739368.392
14.9,-2202319.706,-4665139.176,3739368.392
15.0,-2202319.706,-4665139.176,3739368.392
15.1,-2202319.753,-4665139.074,3739368.492
15.2,-2202319.801,-4665138.971,3739368.591
15.3,-2202319.848,-4665138.868,3739368.691
15.4,-2202319.896,-4665138.766,3739368.790
15.5,-2202319.943,-4665138.663,3739368.889
15.6,-2202319.991,-4665138.560,3739368.989
15.7,-2202320.038,-4665138.458,3739369.088
15.8,-2202320.086,-4665138.355,3739369.187
15.9,-2202320.133,-4665138.253,3739369.287
16.0,-2202320.181,-4665138.150,3739369.386
16.1,-2202320.228,-4665138.047,3739369.486
16.2,-2202320.276,-4665137.945,3739369.585
16.3,-2202320.323,-4665137.842,3739369.684
16.4,-2202320.371,-4665137.740,3739369.784
16.5,-2202320.418,-4665137.637,3739369.883
16.6,-2202320.466,-4665137.534,3739369.982
16.7,-2202320.514,-4665137.432,3739370.082
16.8,-2202320.561,-4665137.329,3739370.181
16.9,-2202320.609,-4665137.226,3739370.280
17.0,-2202320.656,-4665137.124,3739370.380
17.1,-2202320.704,-4665137.021,3739370.479
17.2,-2202320.751,-4665136.919,3739370.579
17.3,-2202320.799,-4665136.816,3739370.678
17.4,-2202320.846,-4665136.713,3739370.777
17.5,-2202320.894,-4665136.611,3739370.877
17.6,-2202320.941,-4665136.508,3739370.976
17.7,-2202320.989,-4665136.406,3739371.075
17.8,-2202321.036,-4665136.303,3739371.175
17.9,-2202321.084,-4665136.200,3739371.274
18.0,-2202321.131,-4665136.098,3739371.373
18.1,-2202321.179,-4665135.995,3739371.473
18.2,-2202321.226,-4665135.892,3739371.572
18.3,-2202321.274,-4665135.790,3739371.672
18.4,-2202321.321,-4665135.687,3739371.771
18.5,-2202321.369,-4665135.585,3739371.870
18.6,-2202321.416,-4665135.482,3739371.970
18.7,-2202321.464,-4665135.379,3739372.069
18.8,-2202321.511,-4665135.277,3739372.168
18.9,-2202321.559,-4665135.174,3739372.268
19.0,-2202321.606,-4665135.072,3739372.367
19.1,-2202321.654,-4665134.969,3739372.467
19.2,-2202321.701,-4665134.866,3739372.566
19.3,-2202321.749,-4665134.764,3739372.665
19.4,-2202321.796,-4665134.661,3739372.765
19.5,-2202321.844,-4665134.558,3739372.864
19.6,-2202321.892,-4665134.456,3739372.963
19.7,-2202321.939,-4665134.353,3739373.063
19.8,-2202321.987,-4665134.251,3739373.162
19.9,-2202322.034,-4665134.148,3739373.261
20.0,-2202322.082,-4665134.045,3739373.361
20.1,-2202322.129,-4665133.943,3739373.460
20.2,-2202322.177,-4665133.840,3739373.560
20.3,-2202322.224,-4665133.738,3739373.659
20.4,-2202322.272,-4665133.635,3739373.758
20.5,-2202322.319,-4665133.532,3739373.858
20.6,-2202322.367,-4665133.430,3739373.957
20.7,-2202322.414,-4665133.327,3739374.056
20.8,-2202322.462,-4665133.224,3739374.156
20.9,-2202322.509,-4665133.122,3739374.255
21.0,-2202322.557,-4665133.019,3739374.354
21.1,-2202322.604,-4665132.917,3739374.454
21.2,-2202322.652,-4665132.814,3739374.553
21.3,-2202322.699,-4665132.711,3739374.653
21.4,-2202322.747,-4665132.609,3739374.752
21.5,-2202322.794,-4665132.506,3739374.851
21.6,-2202322.842,-4665132.404,3739374.951
21.7,-2202322.889,-4665132.301,3739375.050
21.8,-2202322.937,-4665132.198,3739375.149
21.9,-2202322.984,-4665132.096,3739375.249
22.0,-2202323.032,-4665131.993,3739375.348
22.1,-2202323.079,-4665131.890,3739375.447
22.2,-2202323.127,-4665131.788,3739375.547
22.3,-2202323.174,-4665131.685,3739375.646
22.4,-2202323.222,-4665131.583,3739375.746
22.5,-2202323.269,-4665131.480,3739375.845
22.6,-2202323.317,-4665131.377,3739375.944
22.7,-2202323.365,-4665131.275,3739376.044
22.8,-2202323.412,-4665131.172,3739376.143
22.9,-2202323.460,-4665131.070,3739376.242
23.0,-2202323.507,-4665130.967,3739376.342
23.1,-2202323.555,-4665130.864,3739376.441
23.2,-2202323.602,-4665130.762,3739376.541
23.3,-2202323.650,-4665130.659,3739376.640
23.4,-2202323.697,-4665130.556,3739376.739
23.5,-2202323.745,-4665130.454,3739376.839
23.6,-2202323.792,-4665130.351,3739376.938
23.7,-2202323.840,-4665130.249,3739377.037
23.8,-2202323.887,-4665130.146,3739377.137
23.9,-2202323.935,-4665130.043,3739377.236
24.0,-2202323.982,-4665129.941,3739377.335
24.1,-2202324.030,-4665129.838,3739377.435
24.2,-2202324.077,-4665129.736,3739377.534
24.3,-2202324.125,-4665129.633,3739377.634
24.4,-2202324.172,-4665129.530,3739377.733
24.5,-2202324.220,-4665129.428,3739377.832
24.6,-2202324.267,-4665129.325,3739377.932
24.7,-2202324.315,-4665129.222,3739378.031
24.8,-2202324.362,-4665129.120,3739378.130
24.9,-2202324.410,-4665129.017,3739378.230
25.0,-2202324.457,-4665128.915,3739378.329
25.1,-2202324.505,-4665128.812,3739378.428
25.2,-2202324.552,-4665128.709,3739378.528
25.3,-2202324.600,-4665128.607,3739378.627
25.4,-2202324.647,-4665128.504,3739378.727
25.5,-2202324.695,-4665128.402,3739378.826
25.6,-2202324.743,-4665128.299,3739378.925
25.7,-2202324.790,-4665128.196,3739379.025
25.8,-2202324.838,-4665128.094,3739379.124
25.9,-2202324.885,-4665127.991,3739379.223
26.0,-2202324.933,-4665127.888,3739379.323
26.1,-2202324.980,-4665127.786,3739379.422
26.2,-2202325.028,-4665127.683,3739379.522
26.3,-2202325.075,-4665127.581,3739379.621
26.4,-2202325.123,-4665127.478,3739379.720
26.5,-2202325.170,-4665127.375,3739379.820
26.6,-2202325.218,-4665127.273,3739379.919
26.7,-2202325.265,-4665127.170,3739380.018
26.8,-2202325.313,-4665127.067,3739380.118
26.9,-2202325.360,-4665126.965,3739380.217
27.0,-2202325.408,-4665126.862,3739380.316
27.1,-2202325.455,-4665126.760,3739380.416
27.2,-2202325.503,-4665126.657,3739380.515
27.3,-2202325.550,-4665126.554,3739380.615
27.4,-2202325.598,-4665126.452,3739380.714
27.5,-2202325.645,-4665126.349,3739380.813
27.6,-2202325.693,-4665126.247,3739380.913
27.7,-2202325.740,-4665126.144,3739381.012
27.8,-2202325.788,-4665126.041,3739381.111
27.9,-2202325.835,-4665125.939,3739381.211
28.0,-2202325.883,-4665125.836,3739381.310
28.1,-2202325.930,-4665125.733,3739381.409
28.2,-2202325.978,-4665125.631,3739381.509
28.3,-2202326.025,-4665125.528,3739381.608
28.4,-2202326.073,-4665125.426,3739381.708
28.5,-2202326.121,-4665125.323,3739381.807
28.6,-2202326.168,-4665125.220,3739381.906
28.7,-2202326.216,-4665125.118,3739382.006
28.8,-2202326.263,-4665125.015,3739382.105
28.9,-2202326.311,-4665124.913,3739382.204
29.0,-2202326.358,-4665124.810,3739382.304
29.1,-2202326.406,-4665124.707,3739382.403
29.2,-2202326.453,-4665124.605,3739382.503
29.3,-2202326.501,-4665124.502,3739382.602
29.4,-2202326.548,-4665124.399,3739382.701
29.5,-2202326.596,-4665124.297,3739382.801
29.6,-2202326.643,-4665124.194,3739382.900
29.7,-2202326.691,-4665124.092,3739382.999
29.8,-2202326.738,-4665123.989,3739383.099
29.9,-2202326.786,-4665123.886,3739383.198
30.0,-2202326.833,-4665123.784,3739383.297
30.1,-2202326.881,-4665123.681,3739383.397
30.2,-2202326.928,-4665123.579,3739383.496
30.3,-2202326.976,-4665123.476,3739383.596
30.4,-2202327.023,-4665123.373,3739383.695
30.5,-2202327.071,-4665123.271,3739383.794
30.6,-2202327.118,-4665123.168,3739383.894
30.7,-2202327.166,-4665123.065,3739383.993
30.8,-2202327.213,-4665122.963,3739384.092
30.9,-2202327.261,-4665122.860,3739384.192
31.0,-2202327.308,-4665122.758,3739384.291
31.1,-2202327.356,-4665122.655,3739384.390
31.2,-2202327.403,-4665122.552,3739384.490
31.3,-2202327.451,-4665122.450,3739384.589
31.4,-2202327.498,-4665122.347,3739384.689
31.5,-2202327.546,-4665122.245,3739384.788
31.6,-2202327.594,-4665122.142,3739384.887
31.7,-2202327.641,-4665122.039,3739384.987
31.8,-2202327.689,-4665121.937,3739385.086
31.9,-2202327.736,-4665121.834,3739385.185
32.0,-2202327.784,-4665121.731,3739385.285
32.1,-2202327.831,-4665121.629,3739385.384
32.2,-2202327.879,-4665121.526,3739385.483
32.3,-2202327.926,-4665121.424,3739385.583
32.4,-2202327.974,-4665121.321,3739385.682
32.5,-2202328.021,-4665121.218,3739385.782
32.6,-2202328.069,-4665121.116,3739385.881
32.7,-2202328.116,-4665121.013,3739385.980
32.8,-2202328.164,-4665120.911,3739386.080
32.9,-2202328.211,-4665120.808,3739386.179
33.0,-2202328.259,-4665120.705,3739386.278
33.1,-2202328.306,-4665120.603,3739386.378
33.2,-2202328.354,-4665120.500,3739386.477
33.3,-2202328.401,-4665120.397,3739386.577
33.4,-2202328.449,-4665120.295,3739386.676
33.5,-2202328.496,-4665120.192,3739386.775
33.6,-2202328.544,-4665120.090,3739386.875
33.7,-2202328.591,-4665119.987,3739386.974
33.8,-2202328.639,-4665119.884,3739387.073
33.9,-2202328.686,-4665119.782,3739387.173
34.0,-2202328.734,-4665119.679,3739387.272
34.1,-2202328.781,-4665119.577,3739387.371
34.2,-2202328.829,-4665119.474,3739387.471
34.3,-2202328.876,-4665119.371,3739387.570
34.4,-2202328.924,-4665119.269,3739387.670
34.5,-2202328.972,-4665119.166,3739387.769
34.6,-2202329.019,-4665119.063,3739387.868
34.7,-2202329.067,-4665118.961,3739387.968
34.8,-2202329.114,-4665118.858,3739388.067
34.9,-2202329.162,-4665118.756,3739388.166
35.0,-2202329.209,-4665118.653,3739388.266
35.1,-2202329.257,-4665118.550,3739388.365
35.2,-2202329.304,-4665118.448,3739388.464
35.3,-2202329.352,-4665118.345,3739388.564
35.4,-2202329.399,-4665118.243,3739388.663
35.5,-2202329.447,-4665118.140,3739388.763
35.6,-2202329.494,-4665118.037,3739388.862
35.7,-2202329.542,-4665117.935,3739388.961
35.8,-2202329.589,-4665117.832,3739389.061
35.9,-2202329.637,-4665117.729,3739389.160
36.0,-2202329.684,-4665117.627,3739389.259
36.1,-2202329.732,-4665117.524,3739389.359
36.2,-2202329.779,-4665117.422,3739389.458
36.3,-2202329.827,-4665117.319,3739389.558
36.4,-2202329.874,-4665117.216,3739389.657
36.5,-2202329.922,-4665117.114,3739389.756
36.6,-2202329.969,-4665117.011,3739389.856
36.7,-2202330.017,-4665116.909,3739389.955
36.8,-2202330.064,-4665116.806,3739390.054
36.9,-2202330.112,-4665116.703,3739390.154
37.0,-2202330.159,-4665116.601,3739390.253
37.1,-2202330.207,-4665116.498,3739390.352
37.2,-2202330.254,-4665116.395,3739390.452
37.3,-2202330.302,-4665116.293,3739390.551
37.4,-2202330.350,-4665116.190,3739390.651
37.5,-2202330.397,-4665116.088,3739390.750
37.6,-2202330.445,-4665115.985,3739390.849
37.7,-2202330.492,-4665115.882,3739390.949
37.8,-2202330.540,-4665115.780,3739391.048
37.9,-2202330.587,-4665115.677,3739391.147
38.0,-2202330.635,-4665115.574,3739391.247
38.1,-2202330.682,-4665115.472,3739391.346
38.2,-2202330.730,-4665115.369,3739391.445
38.3,-2202330.777,-4665115.267,3739391.545
38.4,-2202330.825,-4665115.164,3739391.644
38.5,-2202330.872,-4665115.061,3739391.744
38.6,-2202330.920,-4665114.959,3739391.843
38.7,-2202330.967,-4665114.856,3739391.942
38.8,-2202331.015,-4665114.754,3739392.042
38.9,-2202331.062,-4665114.651,3739392.141
39.0,-2202331.110,-4665114.548,3739392.240
39.1,-2202331.157,-4665114.446,3739392.340
39.2,-2202331.205,-4665114.343,3739392.439
39.3,-2202331.252,-4665114.240,3739392.538
39.4,-2202331.300,-4665114.138,3739392.638
39.5,-2202331.347,-4665114.035,3739392.737
39.6,-2202331.395,-4665113.933,3739392.837
39.7,-2202331.442,-4665113.830,3739392.936
39.8,-2202331.490,-4665113.727,3739393.035
39.9,-2202331.537,-4665113.625,3739393.135
40.0,-2202331.585,-4665113.522,3739393.234
40.1,-2202331.632,-4665113.420,3739393.333
40.2,-2202331.680,-4665113.317,3739393.433
40.3,-2202331.727,-4665113.214,3739393.532
40.4,-2202331.775,-4665113.112,3739393.632
40.5,-2202331.823,-4665113.009,3739393.731
40.6,-2202331.870,-4665112.906,3739393.830
40.7,-2202331.918,-4665112.804,3739393.930
40.8,-2202331.965,-4665112.701,3739394.029
40.9,-2202332.013,-4665112.599,3739394.128
41.0,-2202332.060,-4665112.496,3739394.228
41.1,-2202332.108,-4665112.393,3739394.327
41.2,-2202332.155,-4665112.291,3739394.426
41.3,-2202332.203,-4665112.188,3739394.526
41.4,-2202332.250,-4665112.086,3739394.625
41.5,-2202332.298,-4665111.983,3739394.725
41.6,-2202332.345,-4665111.880,3739394.824
41.7,-2202332.393,-4665111.778,3739394.923
41.8,-2202332.440,-4665111.675,3739395.023
41.9,-2202332.488,-4665111.572,3739395.122
42.0,-2202332.535,-4665111.470,3739395.221
42.1,-2202332.583,-4665111.367,3739395.321
42.2,-2202332.630,-4665111.265,3739395.420
42.3,-2202332.678,-4665111.162,3739395.519
42.4,-2202332.725,-4665111.059,3739395.619
42.5,-2202332.773,-4665110.957,3739395.718
42.6,-2202332.820,-4665110.854,3739395.818
42.7,-2202332.868,-4665110.752,3739395.917
42.8,-2202332.915,-4665110.649,3739396.016
42.9,-2202332.963,-4665110.546,3739396.116
43.0,-2202333.010,-4665110.444,3739396.215
43.1,-2202333.058,-4665110.341,3739396.314
43.2,-2202333.105,-4665110.238,3739396.414
43.3,-2202333.153,-4665110.136,3739396.513
43.4,-2202333.201,-4665110.033,3739396.613
43.5,-2202333.248,-4665109.931,3739396.712
43.6,-2202333.296,-4665109.828,3739396.811
43.7,-2202333.343,-4665109.725,3739396.911
43.8,-2202333.391,-4665109.623,3739397.010
43.9,-2202333.438,-4665109.520,3739397.109
44.0,-2202333.486,-4665109.418,3739397.209
44.1,-2202333.533,-4665109.315,3739397.308
44.2,-2202333.581,-4665109.212,3739397.407
44.3,-2202333.628,-4665109.110,3739397.507
44.4,-2202333.676,-4665109.007,3739397.606
44.5,-2202333.723,-4665108.904,3739397.706
44.6,-2202333.771,-4665108.802,3739397.805
44.7,-2202333.818,-4665108.699,3739397.904
44.8,-2202333.866,-4665108.597,3739398.004
44.9,-2202333.913,-4665108.494,3739398.103
45.0,-2202333.961,-4665108.391,3739398.202
45.1,-2202334.008,-4665108.289,3739398.302
45.2,-2202334.056,-4665108.186,3739398.401
45.3,-2202334.103,-4665108.084,3739398.500
45.4,-2202334.151,-4665107.981,3739398.600
45.5,-2202334.198,-4665107.878,3739398.699
45.6,-2202334.246,-4665107.776,3739398.799
45.7,-2202334.293,-4665107.673,3739398.898
45.8,-2202334.341,-4665107.570,3739398.997
45.9,-2202334.388,-4665107.468,3739399.097
46.0,-2202334.436,-4665107.365,3739399.196
46.1,-2202334.483,-4665107.263,3739399.295
46.2,-2202334.531,-4665107.160,3739399.395
46.3,-2202334.579,-4665107.057,3739399.494
46.4,-2202334.626,-4665106.955,3739399.594
46.5,-2202334.674,-4665106.852,3739399.693
46.6,-2202334.721,-4665106.750,3739399.792
46.7,-2202334.769,-4665106.647,3739399.892
46.8,-2202334.816,-4665106.544,3739399.991
46.9,-2202334.864,-4665106.442,3739400.090
47.0,-2202334.911,-4665106.339,3739400.190
47.1,-2202334.959,-4665106.236,3739400.289
47.2,-2202335.006,-4665106.134,3739400.388
47.3,-2202335.054,-4665106.031,3739400.488
47.4,-2202335.101,-4665105.929,3739400.587
47.5,-2202335.149,-4665105.826,3739400.687
47.6,-2202335.196,-4665105.723,3739400.786
47.7,-2202335.244,-4665105.621,3739400.885
47.8,-2202335.291,-4665105.518,3739400.985
47.9,-2202335.339,-4665105.415,3739401.084
48.0,-2202335.386,-4665105.313,3739401.183
48.1,-2202335.434,-4665105.210,3739401.283
48.2,-2202335.481,-4665105.108,3739401.382
48.3,-2202335.529,-4665105.005,3739401.481
48.4,-2202335.576,-4665104.902,3739401.581
48.5,-2202335.624,-4665104.800,3739401.680
48.6,-2202335.671,-4665104.697,3739401.780
48.7,-2202335.719,-4665104.595,3739401.879
48.8,-2202335.766,-4665104.492,3739401.978
48.9,-2202335.814,-4665104.389,3739402.078
49.0,-2202335.861,-4665104.287,3739402.177
49.1,-2202335.909,-4665104.184,3739402.276
49.2,-2202335.956,-4665104.081,3739402.376
49.3,-2202336.004,-4665103.979,3739402.475
49.4,-2202336.052,-4665103.876,3739402.574
49.5,-2202336.099,-4665103.774,3739402.674
49.6,-2202336.147,-4665103.671,3739402.773
49.7,-2202336.194,-4665103.568,3739402.873
49.8,-2202336.242,-4665103.466,3739402.972
49.9,-2202336.289,-4665103.363,3739403.071
50.0,-2202336.337,-4665103.261,3739403.171
50.1,-2202336.384,-4665103.158,3739403.270
50.2,-2202336.432,-4665103.055,3739403.369
50.3,-2202336.479,-4665102.953,3739403.469
50.4,-2202336.527,-4665102.850,3739403.568
50.5,-2202336.574,-4665102.747,3739403.668
50.6,-2202336.622,-4665102.645,3739403.767
50.7,-2202336.669,-4665102.542,3739403.866
50.8,-2202336.717,-4665102.440,3739403.966
50.9,-2202336.764,-4665102.337,3739404.065
51.0,-2202336.812,-4665102.234,3739404.164
51.1,-2202336.859,-4665102.132,3739404.264
51.2,-2202336.907,-4665102.029,3739404.363
51.3,-2202336.954,-4665101.927,3739404.462
51.4,-2202337.002,-4665101.824,3739404.562
51.5,-2202337.049,-4665101.721,3739404.661
51.6,-2202337.097,-4665101.619,3739404.761
51.7,-2202337.144,-4665101.516,3739404.860
51.8,-2202337.192,-4665101.413,3739404.959
51.9,-2202337.239,-4665101.311,3739405.059
52.0,-2202337.287,-4665101.208,3739405.158
52.1,-2202337.334,-4665101.106,3739405.257
52.2,-2202337.382,-4665101.003,3739405.357
52.3,-2202337.430,-4665100.900,3739405.456
52.4,-2202337.477,-4665100.798,3739405.555
52.5,-2202337.525,-4665100.695,3739405.655
52.6,-2202337.572,-4665100.593,3739405.754
52.7,-2202337.620,-4665100.490,3739405.854
52.8,-2202337.667,-4665100.387,3739405.953
52.9,-2202337.715,-4665100.285,3739406.052
53.0,-2202337.762,-4665100.182,3739406.152
53.1,-2202337.810,-4665100.079,3739406.251
53.2,-2202337.857,-4665099.977,3739406.350
53.3,-2202337.905,-4665099.874,3739406.450
53.4,-2202337.952,-4665099.772,3739406.549
53.5,-2202338.000,-4665099.669,3739406.649
53.6,-2202338.047,-4665099.566,3739406.748
53.7,-2202338.095,-4665099.464,3739406.847
53.8,-2202338.142,-4665099.361,3739406.947
53.9,-2202338.190,-4665099.259,3739407.046
54.0,-2202338.237,-4665099.156,3739407.145
54.1,-2202338.285,-4665099.053,3739407.245
54.2,-2202338.332,-4665098.951,3739407.344
54.3,-2202338.380,-4665098.848,3739407.443
54.4,-2202338.427,-4665098.745,3739407.543
54.5,-2202338.475,-4665098.643,3739407.642
54.6,-2202338.522,-4665098.540,3739407.742
54.7,-2202338.570,-4665098.438,3739407.841
54.8,-2202338.617,-4665098.335,3739407.940
54.9,-2202338.665,-4665098.232,3739408.040
55.0,-2202338.712,-4665098.130,3739408.139
55.1,-2202338.760,-4665098.027,3739408.238
55.2,-2202338.808,-4665097.925,3739408.338
55.3,-2202338.855,-4665097.822,3739408.437
55.4,-2202338.903,-4665097.719,3739408.536
55.5,-2202338.950,-4665097.617,3739408.636
55.6,-2202338.998,-4665097.514,3739408.735
55.7,-2202339.045,-4665097.411,3739408.835
55.8,-2202339.093,-4665097.309,3739408.934
55.9,-2202339.140,-4665097.206,3739409.033
56.0,-2202339.188,-4665097.104,3739409.133
56.1,-2202339.235,-4665097.001,3739409.232
56.2,-2202339.283,-4665096.898,3739409.331
56.3,-2202339.330,-4665096.796,3739409.431
56.4,-2202339.378,-4665096.693,3739409.530
56.5,-2202339.425,-4665096.591,3739409.629
56.6,-2202339.473,-4665096.488,3739409.729
56.7,-2202339.520,-4665096.385,3739409.828
56.8,-2202339.568,-4665096.283,3739409.928
56.9,-2202339.615,-4665096.180,3739410.027
57.0,-2202339.663,-4665096.077,3739410.126
57.1,-2202339.710,-4665095.975,3739410.226
57.2,-2202339.758,-4665095.872,3739410.325
57.3,-2202339.805,-4665095.770,3739410.424
57.4,-2202339.853,-4665095.667,3739410.524
57.5,-2202339.900,-4665095.564,3739410.623
57.6,-2202339.948,-4665095.462,3739410.723
57.7,-2202339.995,-4665095.359,3739410.822
57.8,-2202340.043,-4665095.257,3739410.921
57.9,-2202340.090,-4665095.154,3739411.021
58.0,-2202340.138,-4665095.051,3739411.120
58.1,-2202340.185,-4665094.949,3739411.219
58.2,-2202340.233,-4665094.846,3739411.319
58.3,-2202340.281,-4665094.743,3739411.418
58.4,-2202340.328,-4665094.641,3739411.517
58.5,-2202340.376,-4665094.538,3739411.617
58.6,-2202340.423,-4665094.436,3739411.716
58.7,-2202340.471,-4665094.333,3739411.816
58.8,-2202340.518,-4665094.230,3739411.915
58.9,-2202340.566,-4665094.128,3739412.014
59.0,-2202340.613,-4665094.025,3739412.114
59.1,-2202340.661,-4665093.922,3739412.213
59.2,-2202340.708,-4665093.820,3739412.312
59.3,-2202340.756,-4665093.717,3739412.412
59.4,-2202340.803,-4665093.615,3739412.511
59.5,-2202340.851,-4665093.512,3739412.610
59.6,-2202340.898,-4665093.409,3739412.710
59.7,-2202340.946,-4665093.307,3739412.809
59.8,-2202340.993,-4665093.204,3739412.909
59.9,-2202341.041,-4665093.102,3739413.008
60.0,-2202341.088,-4665092.999,3739413.107
60.1,-2202341.136,-4665092.896,3739413.207
60.2,-2202341.183,-4665092.794,3739413.306
60.3,-2202341.231,-4665092.691,3739413.405
60.4,-2202341.278,-4665092.588,3739413.505
60.5,-2202341.326,-4665092.486,3739413.604
60.6,-2202341.373,-4665092.383,3739413.704
60.7,-2202341.421,-4665092.281,3739413.803
60.8,-2202341.468,-4665092.178,3739413.902
60.9,-2202341.516,-4665092.075,3739414.002
61.0,-2202341.563,-4665091.973,3739414.101
61.1,-2202341.611,-4665091.870,3739414.200
61.2,-2202341.659,-4665091.768,3739414.300
61.3,-2202341.706,-4665091.665,3739414.399
61.4,-2202341.754,-4665091.562,3739414.498
61.5,-2202341.801,-4665091.460,3739414.598
61.6,-2202341.849,-4665091.357,3739414.697
61.7,-2202341.896,-4665091.254,3739414.797
61.8,-2202341.944,-4665091.152,3739414.896
61.9,-2202341.991,-4665091.049,3739414.995
62.0,-2202342.039,-4665090.947,3739415.095
62.1,-2202342.086,-4665090.844,3739415.194
62.2,-2202342.134,-4665090.741,3739415.293
62.3,-2202342.181,-4665090.639,3739415.393
62.4,-2202342.229,-4665090.536,3739415.492
62.5,-2202342.276,-4665090.434,3739415.591
62.6,-2202342.324,-4665090.331,3739415.691
62.7,-2202342.371,-4665090.228,3739415.790
62.8,-2202342.419,-4665090.126,3739415.890
62.9,-2202342.466,-4665090.023,3739415.989
63.0,-2202342.514,-4665089.920,3739416.088
63.1,-2202342.561,-4665089.818,3739416.188
63.2,-2202342.609,-4665089.715,3739416.287
63.3,-2202342.656,-4665089.613,3739416.386
63.4,-2202342.704,-4665089.510,3739416.486
63.5,-2202342.751,-4665089.407,3739416.585
63.6,-2202342.799,-4665089.305,3739416.684
63.7,-2202342.846,-4665089.202,3739416.784
63.8,-2202342.894,-4665089.100,3739416.883
63.9,-2202342.941,-4665088.997,3739416.983
64.0,-2202342.989,-4665088.894,3739417.082
64.1,-2202343.037,-4665088.792,3739417.181
64.2,-2202343.084,-4665088.689,3739417.281
64.3,-2202343.132,-4665088.586,3739417.380
64.4,-2202343.179,-4665088.484,3739417.479
64.5,-2202343.227,-4665088.381,3739417.579
64.6,-2202343.274,-4665088.279,3739417.678
64.7,-2202343.322,-4665088.176,3739417.778
64.8,-2202343.369,-4665088.073,3739417.877
64.9,-2202343.417,-4665087.971,3739417.976
65.0,-2202343.464,-4665087.868,3739418.076
65.1,-2202343.512,-4665087.766,3739418.175
65.2,-2202343.559,-4665087.663,3739418.274
65.3,-2202343.607,-4665087.560,3739418.374
65.4,-2202343.654,-4665087.458,3739418.473
65.5,-2202343.702,-4665087.355,3739418.572
65.6,-2202343.749,-4665087.252,3739418.672
65.7,-2202343.797,-4665087.150,3739418.771
65.8,-2202343.844,-4665087.047,3739418.871
65.9,-2202343.892,-4665086.945,3739418.970
66.0,-2202343.939,-4665086.842,3739419.069
66.1,-2202343.987,-4665086.739,3739419.169
66.2,-2202344.034,-4665086.637,3739419.268
66.3,-2202344.082,-4665086.534,3739419.367
66.4,-2202344.129,-4665086.432,3739419.467
66.5,-2202344.177,-4665086.329,3739419.566
66.6,-2202344.224,-4665086.226,3739419.665
66.7,-2202344.272,-4665086.124,3739419.765
66.8,-2202344.319,-4665086.021,3739419.864
66.9,-2202344.367,-4665085.918,3739419.964
67.0,-2202344.414,-4665085.816,3739420.063
67.1,-2202344.462,-4665085.713,3739420.162
67.2,-2202344.510,-4665085.611,3739420.262
67.3,-2202344.557,-4665085.508,3739420.361
67.4,-2202344.605,-4665085.405,3739420.460
67.5,-2202344.652,-4665085.303,3739420.560
67.6,-2202344.700,-4665085.200,3739420.659
67.7,-2202344.747,-4665085.098,3739420.759
67.8,-2202344.795,-4665084.995,3739420.858
67.9,-2202344.842,-4665084.892,3739420.957
68.0,-2202344.890,-4665084.790,3739421.057
68.1,-2202344.937,-4665084.687,3739421.156
68.2,-2202344.985,-4665084.584,3739421.255
68.3,-2202345.032,-4665084.482,3739421.355
68.4,-2202345.080,-4665084.379,3739421.454
68.5,-2202345.127,-4665084.277,3739421.553
68.6,-2202345.175,-4665084.174,3739421.653
68.7,-2202345.222,-4665084.071,3739421.752
68.8,-2202345.270,-4665083.969,3739421.852
68.9,-2202345.317,-4665083.866,3739421.951
69.0,-2202345.365,-4665083.764,3739422.050
69.1,-2202345.412,-4665083.661,3739422.150
69.2,-2202345.460,-4665083.558,3739422.249
69.3,-2202345.507,-4665083.456,3739422.348
69.4,-2202345.555,-4665083.353,3739422.448
69.5,-2202345.602,-4665083.250,3739422.547
69.6,-2202345.650,-4665083.148,3739422.646
69.7,-2202345.697,-4665083.045,3739422.746
69.8,-2202345.745,-4665082.943,3739422.845
69.9,-2202345.792,-4665082.840,3739422.945
70.0,-2202345.840,-4665082.737,3739423.044
70.1,-2202345.888,-4665082.635,3739423.143
70.2,-2202345.935,-4665082.532,3739423.243
70.3,-2202345.983,-4665082.429,3739423.342
70.4,-2202346.030,-4665082.327,3739423.441
70.5,-2202346.078,-4665082.224,3739423.541
70.6,-2202346.125,-4665082.122,3739423.640
70.7,-2202346.173,-4665082.019,3739423.740
70.8,-2202346.220,-4665081.916,3739423.839
70.9,-2202346.268,-4665081.814,3739423.938
71.0,-2202346.315,-4665081.711,3739424.038
71.1,-2202346.363,-4665081.609,3739424.137
71.2,-2202346.410,-4665081.506,3739424.236
71.3,-2202346.458,-4665081.403,3739424.336
71.4,-2202346.505,-4665081.301,3739424.435
71.5,-2202346.553,-4665081.198,3739424.534
71.6,-2202346.600,-4665081.095,3739424.634
71.7,-2202346.648,-4665080.993,3739424.733
71.8,-2202346.695,-4665080.890,3739424.833
71.9,-2202346.743,-4665080.788,3739424.932
72.0,-2202346.790,-4665080.685,3739425.031
72.1,-2202346.838,-4665080.582,3739425.131
72.2,-2202346.885,-4665080.480,3739425.230
72.3,-2202346.933,-4665080.377,3739425.329
72.4,-2202346.980,-4665080.275,3739425.429
72.5,-2202347.028,-4665080.172,3739425.528
72.6,-2202347.075,-4665080.069,3739425.627
72.7,-2202347.123,-4665079.967,3739425.727
72.8,-2202347.170,-4665079.864,3739425.826
72.9,-2202347.218,-4665079.761,3739425.926
73.0,-2202347.266,-4665079.659,3739426.025
73.1,-2202347.313,-4665079.556,3739426.124
73.2,-2202347.361,-4665079.454,3739426.224
73.3,-2202347.408,-4665079.351,3739426.323
73.4,-2202347.456,-4665079.248,3739426.422
73.5,-2202347.503,-4665079.146,3739426.522
73.6,-2202347.551,-4665079.043,3739426.621
73.7,-2202347.598,-4665078.941,3739426.720
73.8,-2202347.646,-4665078.838,3739426.820
73.9,-2202347.693,-4665078.735,3739426.919
74.0,-2202347.741,-4665078.633,3739427.019
74.1,-2202347.788,-4665078.530,3739427.118
74.2,-2202347.836,-4665078.427,3739427.217
74.3,-2202347.883,-4665078.325,3739427.317
74.4,-2202347.931,-4665078.222,3739427.416
74.5,-2202347.978,-4665078.120,3739427.515
74.6,-2202348.026,-4665078.017,3739427.615
74.7,-2202348.073,-4665077.914,3739427.714
74.8,-2202348.121,-4665077.812,3739427.814
74.9,-2202348.168,-4665077.709,3739427.913
75.0,-2202348.216,-4665077.607,3739428.012
75.1,-2202348.263,-4665077.504,3739428.112
75.2,-2202348.311,-4665077.401,3739428.211
75.3,-2202348.358,-4665077.299,3739428.310
75.4,-2202348.406,-4665077.196,3739428.410
75.5,-2202348.453,-4665077.093,3739428.509
75.6,-2202348.501,-4665076.991,3739428.608
75.7,-2202348.548,-4665076.888,3739428.708
75.8,-2202348.596,-4665076.786,3739428.807
75.9,-2202348.643,-4665076.683,3739428.907
76.0,-2202348.691,-4665076.580,3739429.006
76.1,-2202348.739,-4665076.478,3739429.105
76.2,-2202348.786,-4665076.375,3739429.205
76.3,-2202348.834,-4665076.273,3739429.304
76.4,-2202348.881,-4665076.170,3739429.403
76.5,-2202348.929,-4665076.067,3739429.503
76.6,-2202348.976,-4665075.965,3739429.602
76.7,-2202349.024,-4665075.862,3739429.701
76.8,-2202349.071,-4665075.759,3739429.801
76.9,-2202349.119,-4665075.657,3739429.900
77.0,-2202349.166,-4665075.554,3739430.000
77.1,-2202349.214,-4665075.452,3739430.099
77.2,-2202349.261,-4665075.349,3739430.198
77.3,-2202349.309,-4665075.246,3739430.298
77.4,-2202349.356,-4665075.144,3739430.397
77.5,-2202349.404,-4665075.041,3739430.496
77.6,-2202349.451,-4665074.939,3739430.596
77.7,-2202349.499,-4665074.836,3739430.695
77.8,-2202349.546,-4665074.733,3739430.795
77.9,-2202349.594,-4665074.631,3739430.894
78.0,-2202349.641,-4665074.528,3739430.993
78.1,-2202349.689,-4665074.425,3739431.093
78.2,-2202349.736,-4665074.323,3739431.192
78.3,-2202349.784,-4665074.220,3739431.291
78.4,-2202349.831,-4665074.118,3739431.391
78.5,-2202349.879,-4665074.015,3739431.490
78.6,-2202349.926,-4665073.912,3739431.589
78.7,-2202349.974,-4665073.810,3739431.689
78.8,-2202350.021,-4665073.707,3739431.788
78.9,-2202350.069,-4665073.605,3739431.888
79.0,-2202350.117,-4665073.502,3739431.987
79.1,-2202350.164,-4665073.399,3739432.086
79.2,-2202350.212,-4665073.297,3739432.186
79.3,-2202350.259,-4665073.194,3739432.285
79.4,-2202350.307,-4665073.091,3739432.384
79.5,-2202350.354,-4665072.989,3739432.484
79.6,-2202350.402,-4665072.886,3739432.583
79.7,-2202350.449,-4665072.784,3739432.682
79.8,-2202350.497,-4665072.681,3739432.782
79.9,-2202350.544,-4665072.578,3739432.881
80.0,-2202350.592,-4665072.476,3739432.981
80.1,-2202350.639,-4665072.373,3739433.080
80.2,-2202350.687,-4665072.271,3739433.179
80.3,-2202350.734,-4665072.168,3739433.279
80.4,-2202350.782,-4665072.065,3739433.378
80.5,-2202350.829,-4665071.963,3739433.477
80.6,-2202350.877,-4665071.860,3739433.577
80.7,-2202350.924,-4665071.757,3739433.676
80.8,-2202350.972,-4665071.655,3739433.775
80.9,-2202351.019,-4665071.552,3739433.875
81.0,-2202351.067,-4665071.450,3739433.974
81.1,-2202351.114,-4665071.347,3739434.074
81.2,-2202351.162,-4665071.244,3739434.173
81.3,-2202351.209,-4665071.142,3739434.272
81.4,-2202351.257,-4665071.039,3739434.372
81.5,-2202351.304,-4665070.936,3739434.471
81.6,-2202351.352,-4665070.834,3739434.570
81.7,-2202351.399,-4665070.731,3739434.670
81.8,-2202351.447,-4665070.629,3739434.769
81.9,-2202351.495,-4665070.526,3739434.869
82.0,-2202351.542,-4665070.423,3739434.968
82.1,-2202351.590,-4665070.321,3739435.067
82.2,-2202351.637,-4665070.218,3739435.167
82.3,-2202351.685,-4665070.116,3739435.266
82.4,-2202351.732,-4665070.013,3739435.365
82.5,-2202351.780,-4665069.910,3739435.465
82.6,-2202351.827,-4665069.808,3739435.564
82.7,-2202351.875,-4665069.705,3739435.663
82.8,-2202351.922,-4665069.602,3739435.763
82.9,-2202351.970,-4665069.500,3739435.862
83.0,-2202352.017,-4665069.397,3739435.962
83.1,-2202352.065,-4665069.295,3739436.061
83.2,-2202352.112,-4665069.192,3739436.160
83.3,-2202352.160,-4665069.089,3739436.260
83.4,-2202352.207,-4665068.987,3739436.359
83.5,-2202352.255,-4665068.884,3739436.458
83.6,-2202352.302,-4665068.782,3739436.558
83.7,-2202352.350,-4665068.679,3739436.657
83.8,-2202352.397,-4665068.576,3739436.756
83.9,-2202352.445,-4665068.474,3739436.856
84.0,-2202352.492,-4665068.371,3739436.955
84.1,-2202352.540,-4665068.268,3739437.055
84.2,-2202352.587,-4665068.166,3739437.154
84.3,-2202352.635,-4665068.063,3739437.253
84.4,-2202352.682,-4665067.961,3739437.353
84.5,-2202352.730,-4665067.858,3739437.452
84.6,-2202352.777,-4665067.755,3739437.551
84.7,-2202352.825,-4665067.653,3739437.651
84.8,-2202352.872,-4665067.550,3739437.750
84.9,-2202352.920,-4665067.448,3739437.850
85.0,-2202352.968,-4665067.345,3739437.949
85.1,-2202353.015,-4665067.242,3739438.048
85.2,-2202353.063,-4665067.140,3739438.148
85.3,-2202353.110,-4665067.037,3739438.247
85.4,-2202353.158,-4665066.934,3739438.346
85.5,-2202353.205,-4665066.832,3739438.446
85.6,-2202353.253,-4665066.729,3739438.545
85.7,-2202353.300,-4665066.627,3739438.644
85.8,-2202353.348,-4665066.524,3739438.744
85.9,-2202353.395,-4665066.421,3739438.843
86.0,-2202353.443,-4665066.319,3739438.943
86.1,-2202353.490,-4665066.216,3739439.042
86.2,-2202353.538,-4665066.114,3739439.141
86.3,-2202353.585,-4665066.011,3739439.241
86.4,-2202353.633,-4665065.908,3739439.340
86.5,-2202353.680,-4665065.806,3739439.439
86.6,-2202353.728,-4665065.703,3739439.539
86.7,-2202353.775,-4665065.600,3739439.638
86.8,-2202353.823,-4665065.498,3739439.737
86.9,-2202353.870,-4665065.395,3739439.837
87.0,-2202353.918,-4665065.293,3739439.936
87.1,-2202353.965,-4665065.190,3739440.036
87.2,-2202354.013,-4665065.087,3739440.135
87.3,-2202354.060,-4665064.985,3739440.234
87.4,-2202354.108,-4665064.882,3739440.334
87.5,-2202354.155,-4665064.780,3739440.433
87.6,-2202354.203,-4665064.677,3739440.532
87.7,-2202354.250,-4665064.574,3739440.632
87.8,-2202354.298,-4665064.472,3739440.731
87.9,-2202354.346,-4665064.369,3739440.831
88.0,-2202354.393,-4665064.266,3739440.930
88.1,-2202354.441,-4665064.164,3739441.029
88.2,-2202354.488,-4665064.061,3739441.129
88.3,-2202354.536,-4665063.959,3739441.228
88.4,-2202354.583,-4665063.856,3739441.327
88.5,-2202354.631,-4665063.753,3739441.427
88.6,-2202354.678,-4665063.651,3739441.526
88.7,-2202354.726,-4665063.548,3739441.625
88.8,-2202354.773,-4665063.446,3739441.725
88.9,-2202354.821,-4665063.343,3739441.824
89.0,-2202354.868,-4665063.240,3739441.924
89.1,-2202354.916,-4665063.138,3739442.023
89.2,-2202354.963,-4665063.035,3739442.122
89.3,-2202355.011,-4665062.932,3739442.222
89.4,-2202355.058,-4665062.830,3739442.321
89.5,-2202355.106,-4665062.727,3739442.420
89.6,-2202355.153,-4665062.625,3739442.520
89.7,-2202355.201,-4665062.522,3739442.619
89.8,-2202355.248,-4665062.419,3739442.718
89.9,-2202355.296,-4665062.317,3739442.818
90.0,-2202355.343,-4665062.214,3739442.917
90.1,-2202355.391,-4665062.112,3739443.017
90.2,-2202355.438,-4665062.009,3739443.116
90.3,-2202355.486,-4665061.906,3739443.215
90.4,-2202355.533,-4665061.804,3739443.315
90.5,-2202355.581,-4665061.701,3739443.414
90.6,-2202355.628,-4665061.598,3739443.513
90.7,-2202355.676,-4665061.496,3739443.613
90.8,-2202355.724,-4665061.393,3739443.712
90.9,-2202355.771,-4665061.291,3739443.811
91.0,-2202355.819,-4665061.188,3739443.911
91.1,-2202355.866,-4665061.085,3739444.010
91.2,-2202355.914,-4665060.983,3739444.110
91.3,-2202355.961,-4665060.880,3739444.209
91.4,-2202356.009,-4665060.778,3739444.308
91.5,-2202356.056,-4665060.675,3739444.408
91.6,-2202356.104,-4665060.572,3739444.507
91.7,-2202356.151,-4665060.470,3739444.606
91.8,-2202356.199,-4665060.367,3739444.706
91.9,-2202356.246,-4665060.264,3739444.805
92.0,-2202356.294,-4665060.162,3739444.905
92.1,-2202356.341,-4665060.059,3739445.004
92.2,-2202356.389,-4665059.957,3739445.103
92.3,-2202356.436,-4665059.854,3739445.203
92.4,-2202356.484,-4665059.751,3739445.302
92.5,-2202356.531,-4665059.649,3739445.401
92.6,-2202356.579,-4665059.546,3739445.501
92.7,-2202356.626,-4665059.443,3739445.600
92.8,-2202356.674,-4665059.341,3739445.699
92.9,-2202356.721,-4665059.238,3739445.799
93.0,-2202356.769,-4665059.136,3739445.898
93.1,-2202356.816,-4665059.033,3739445.998
93.2,-2202356.864,-4665058.930,3739446.097
93.3,-2202356.911,-4665058.828,3739446.196
93.4,-2202356.959,-4665058.725,3739446.296
93.5,-2202357.006,-4665058.623,3739446.395
93.6,-2202357.054,-4665058.520,3739446.494
93.7,-2202357.101,-4665058.417,3739446.594
93.8,-2202357.149,-4665058.315,3739446.693
93.9,-2202357.197,-4665058.212,3739446.792
94.0,-2202357.244,-4665058.109,3739446.892
94.1,-2202357.292,-4665058.007,3739446.991
94.2,-2202357.339,-4665057.904,3739447.091
94.3,-2202357.387,-4665057.802,3739447.190
94.4,-2202357.434,-4665057.699,3739447.289
94.5,-2202357.482,-4665057.596,3739447.389
94.6,-2202357.529,-4665057.494,3739447.488
94.7,-2202357.577,-4665057.391,3739447.587
94.8,-2202357.624,-4665057.289,3739447.687
94.9,-2202357.672,-4665057.186,3739447.786
95.0,-2202357.719,-4665057.083,3739447.886
95.1,-2202357.767,-4665056.981,3739447.985
95.2,-2202357.814,-4665056.878,3739448.084
95.3,-2202357.862,-4665056.775,3739448.184
95.4,-2202357.909,-4665056.673,3739448.283
95.5,-2202357.957,-4665056.570,3739448.382
95.6,-2202358.004,-4665056.468,3739448.482
95.7,-2202358.052,-4665056.365,3739448.581
95.8,-2202358.099,-4665056.262,3739448.680
95.9,-2202358.147,-4665056.160,3739448.780
96.0,-2202358.194,-4665056.057,3739448.879
96.1,-2202358.242,-4665055.955,3739448.979
96.2,-2202358.289,-4665055.852,3739449.078
96.3,-2202358.337,-4665055.749,3739449.177
96.4,-2202358.384,-4665055.647,3739449.277
96.5,-2202358.432,-4665055.544,3739449.376
96.6,-2202358.479,-4665055.441,3739449.475
96.7,-2202358.527,-4665055.339,3739449.575
96.8,-2202358.575,-4665055.236,3739449.674
96.9,-2202358.622,-4665055.134,3739449.773
97.0,-2202358.670,-4665055.031,3739449.873
97.1,-2202358.717,-4665054.928,3739449.972
97.2,-2202358.765,-4665054.826,3739450.072
97.3,-2202358.812,-4665054.723,3739450.171
97.4,-2202358.860,-4665054.621,3739450.270
97.5,-2202358.907,-4665054.518,3739450.370
97.6,-2202358.955,-4665054.415,3739450.469
97.7,-2202359.002,-4665054.313,3739450.568
97.8,-2202359.050,-4665054.210,3739450.668
97.9,-2202359.097,-4665054.107,3739450.767
98.0,-2202359.145,-4665054.005,3739450.866
98.1,-2202359.192,-4665053.902,3739450.966
98.2,-2202359.240,-4665053.800,3739451.065
98.3,-2202359.287,-4665053.697,3739451.165
98.4,-2202359.335,-4665053.594,3739451.264
98.5,-2202359.382,-4665053.492,3739451.363
98.6,-2202359.430,-4665053.389,3739451.463
98.7,-2202359.477,-4665053.287,3739451.562
98.8,-2202359.525,-4665053.184,3739451.661
98.9,-2202359.572,-4665053.081,3739451.761
99.0,-2202359.620,-4665052.979,3739451.860
99.1,-2202359.667,-4665052.876,3739451.960
99.2,-2202359.715,-4665052.773,3739452.059
99.3,-2202359.762,-4665052.671,3739452.158
99.4,-2202359.810,-4665052.568,3739452.258
99.5,-2202359.857,-4665052.466,3739452.357
99.6,-2202359.905,-4665052.363,3739452.456
99.7,-2202359.953,-4665052.260,3739452.556
99.8,-2202360.000,-4665052.158,3739452.655
99.9,-2202360.048,-4665052.055,3739452.754
100.0,-2202360.095,-4665051.953,3739452.854
100.1,-2202360.143,-4665051.850,3739452.953
100.2,-2202360.190,-4665051.747,3739453.053
100.3,-2202360.238,-4665051.645,3739453.152
100.4,-2202360.285,-4665051.542,3739453.251
100.5,-2202360.333,-4665051.439,3739453.351
100.6,-2202360.380,-4665051.337,3739453.450
100.7,-2202360.428,-4665051.234,3739453.549
100.8,-2202360.475,-4665051.132,3739453.649
100.9,-2202360.523,-4665051.029,3739453.748
101.0,-2202360.570,-4665050.926,3739453.847
101.1,-2202360.618,-4665050.824,3739453.947
101.2,-2202360.665,-4665050.721,3739454.046
101.3,-2202360.713,-4665050.619,3739454.146
101.4,-2202360.760,-4665050.516,3739454.245
101.5,-2202360.808,-4665050.413,3739454.344
101.6,-2202360.855,-4665050.311,3739454.444
101.7,-2202360.903,-4665050.208,3739454.543
101.8,-2202360.950,-4665050.105,3739454.642
101.9,-2202360.998,-4665050.003,3739454.742
102.0,-2202361.045,-4665049.900,3739454.841
102.1,-2202361.093,-4665049.798,3739454.941
102.2,-2202361.140,-4665049.695,3739455.040
102.3,-2202361.188,-4665049.592,3739455.139
102.4,-2202361.235,-4665049.490,3739455.239
102.5,-2202361.283,-4665049.387,3739455.338
102.6,-2202361.330,-4665049.285,3739455.437
102.7,-2202361.378,-4665049.182,3739455.537
102.8,-2202361.426,-4665049.079,3739455.636
102.9,-2202361.473,-4665048.977,3739455.735
103.0,-2202361.521,-4665048.874,3739455.835
103.1,-2202361.568,-4665048.771,3739455.934
103.2,-2202361.616,-4665048.669,3739456.034
103.3,-2202361.663,-4665048.566,3739456.133
103.4,-2202361.711,-4665048.464,3739456.232
103.5,-2202361.758,-4665048.361,3739456.332
103.6,-2202361.806,-4665048.258,3739456.431
103.7,-2202361.853,-4665048.156,3739456.530
103.8,-2202361.901,-4665048.053,3739456.630
103.9,-2202361.948,-4665047.950,3739456.729
104.0,-2202361.996,-4665047.848,3739456.828
104.1,-2202362.043,-4665047.745,3739456.928
104.2,-2202362.091,-4665047.643,3739457.027
104.3,-2202362.138,-4665047.540,3739457.127
104.4,-2202362.186,-4665047.437,3739457.226
104.5,-2202362.233,-4665047.335,3739457.325
104.6,-2202362.281,-4665047.232,3739457.425
104.7,-2202362.328,-4665047.130,3739457.524
104.8,-2202362.376,-4665047.027,3739457.623
104.9,-2202362.423,-4665046.924,3739457.723
105.0,-2202362.471,-4665046.822,3739457.822
105.1,-2202362.518,-4665046.719,3739457.922
105.2,-2202362.566,-4665046.616,3739458.021
105.3,-2202362.613,-4665046.514,3739458.120
105.4,-2202362.661,-4665046.411,3739458.220
105.5,-2202362.708,-4665046.309,3739458.319
105.6,-2202362.756,-4665046.206,3739458.418
105.7,-2202362.804,-4665046.103,3739458.518
105.8,-2202362.851,-4665046.001,3739458.617
105.9,-2202362.899,-4665045.898,3739458.716
106.0,-2202362.946,-4665045.796,3739458.816
106.1,-2202362.994,-4665045.693,3739458.915
106.2,-2202363.041,-4665045.590,3739459.015
106.3,-2202363.089,-4665045.488,3739459.114
106.4,-2202363.136,-4665045.385,3739459.213
106.5,-2202363.184,-4665045.282,3739459.313
106.6,-2202363.231,-4665045.180,3739459.412
106.7,-2202363.279,-4665045.077,3739459.511
106.8,-2202363.326,-4665044.975,3739459.611
106.9,-2202363.374,-4665044.872,3739459.710
107.0,-2202363.421,-4665044.769,3739459.809
107.1,-2202363.469,-4665044.667,3739459.909
107.2,-2202363.516,-4665044.564,3739460.008
107.3,-2202363.564,-4665044.462,3739460.108
107.4,-2202363.611,-4665044.359,3739460.207
107.5,-2202363.659,-4665044.256,3739460.306
107.6,-2202363.706,-4665044.154,3739460.406
107.7,-2202363.754,-4665044.051,3739460.505
107.8,-2202363.801,-4665043.948,3739460.604
107.9,-2202363.849,-4665043.846,3739460.704
108.0,-2202363.896,-4665043.743,3739460.803
108.1,-2202363.944,-4665043.641,3739460.902
108.2,-2202363.991,-4665043.538,3739461.002
108.3,-2202364.039,-4665043.435,3739461.101
108.4,-2202364.086,-4665043.333,3739461.201
108.5,-2202364.134,-4665043.230,3739461.300
108.6,-2202364.182,-4665043.128,3739461.399
108.7,-2202364.229,-4665043.025,3739461.499
108.8,-2202364.277,-4665042.922,3739461.598
108.9,-2202364.324,-4665042.820,3739461.697
109.0,-2202364.372,-4665042.717,3739461.797
109.1,-2202364.419,-4665042.614,3739461.896
109.2,-2202364.467,-4665042.512,3739461.996
109.3,-2202364.514,-4665042.409,3739462.095
109.4,-2202364.562,-4665042.307,3739462.194
109.5,-2202364.609,-4665042.204,3739462.294
109.6,-2202364.657,-4665042.101,3739462.393
109.7,-2202364.704,-4665041.999,3739462.492
109.8,-2202364.752,-4665041.896,3739462.592
109.9,-2202364.799,-4665041.794,3739462.691
110.0,-2202364.847,-4665041.691,3739462.790
110.1,-2202364.894,-4665041.588,3739462.890
110.2,-2202364.942,-4665041.486,3739462.989
110.3,-2202364.989,-4665041.383,3739463.089
110.4,-2202365.037,-4665041.280,3739463.188
110.5,-2202365.084,-4665041.178,3739463.287
110.6,-2202365.132,-4665041.075,3739463.387
110.7,-2202365.179,-4665040.973,3739463.486
110.8,-2202365.227,-4665040.870,3739463.585
110.9,-2202365.274,-4665040.767,3739463.685
111.0,-2202365.322,-4665040.665,3739463.784
111.1,-2202365.369,-4665040.562,3739463.883
111.2,-2202365.417,-4665040.460,3739463.983
111.3,-2202365.464,-4665040.357,3739464.082
111.4,-2202365.512,-4665040.254,3739464.182
111.5,-2202365.559,-4665040.152,3739464.281
111.6,-2202365.607,-4665040.049,3739464.380
111.7,-2202365.655,-4665039.946,3739464.480
111.8,-2202365.702,-4665039.844,3739464.579
111.9,-2202365.750,-4665039.741,3739464.678
112.0,-2202365.797,-4665039.639,3739464.778
112.1,-2202365.845,-4665039.536,3739464.877
112.2,-2202365.892,-4665039.433,3739464.977
112.3,-2202365.940,-4665039.331,3739465.076
112.4,-2202365.987,-4665039.228,3739465.175
112.5,-2202366.035,-4665039.126,3739465.275
112.6,-2202366.082,-4665039.023,3739465.374
112.7,-2202366.130,-4665038.920,3739465.473
112.8,-2202366.177,-4665038.818,3739465.573
112.9,-2202366.225,-4665038.715,3739465.672
113.0,-2202366.272,-4665038.612,3739465.771
113.1,-2202366.320,-4665038.510,3739465.871
113.2,-2202366.367,-4665038.407,3739465.970
113.3,-2202366.415,-4665038.305,3739466.070
113.4,-2202366.462,-4665038.202,3739466.169
113.5,-2202366.510,-4665038.099,3739466.268
113.6,-2202366.557,-4665037.997,3739466.368
113.7,-2202366.605,-4665037.894,3739466.467
113.8,-2202366.652,-4665037.792,3739466.566
113.9,-2202366.700,-4665037.689,3739466.666
114.0,-2202366.747,-4665037.586,3739466.765
114.1,-2202366.795,-4665037.484,3739466.864
114.2,-2202366.842,-4665037.381,3739466.964
114.3,-2202366.890,-4665037.278,3739467.063
114.4,-2202366.937,-4665037.176,3739467.163
114.5,-2202366.985,-4665037.073,3739467.262
114.6,-2202367.033,-4665036.971,3739467.361
114.7,-2202367.080,-4665036.868,3739467.461
114.8,-2202367.128,-4665036.765,3739467.560
114.9,-2202367.175,-4665036.663,3739467.659
115.0,-2202367.223,-4665036.560,3739467.759
115.1,-2202367.270,-4665036.457,3739467.858
115.2,-2202367.318,-4665036.355,3739467.957
115.3,-2202367.365,-4665036.252,3739468.057
115.4,-2202367.413,-4665036.150,3739468.156
115.5,-2202367.460,-4665036.047,3739468.256
115.6,-2202367.508,-4665035.944,3739468.355
115.7,-2202367.555,-4665035.842,3739468.454
115.8,-2202367.603,-4665035.739,3739468.554
115.9,-2202367.650,-4665035.637,3739468.653
116.0,-2202367.698,-4665035.534,3739468.752
116.1,-2202367.745,-4665035.431,3739468.852
116.2,-2202367.793,-4665035.329,3739468.951
116.3,-2202367.840,-4665035.226,3739469.051
116.4,-2202367.888,-4665035.123,3739469.150
116.5,-2202367.935,-4665035.021,3739469.249
116.6,-2202367.983,-4665034.918,3739469.349
116.7,-2202368.030,-4665034.816,3739469.448
116.8,-2202368.078,-4665034.713,3739469.547
116.9,-2202368.125,-4665034.610,3739469.647
117.0,-2202368.173,-4665034.508,3739469.746
117.1,-2202368.220,-4665034.405,3739469.845
117.2,-2202368.268,-4665034.303,3739469.945
117.3,-2202368.315,-4665034.200,3739470.044
117.4,-2202368.363,-4665034.097,3739470.144
117.5,-2202368.411,-4665033.995,3739470.243
117.6,-2202368.458,-4665033.892,3739470.342
117.7,-2202368.506,-4665033.789,3739470.442
117.8,-2202368.553,-4665033.687,3739470.541
117.9,-2202368.601,-4665033.584,3739470.640
118.0,-2202368.648,-4665033.482,3739470.740
118.1,-2202368.696,-4665033.379,3739470.839
118.2,-2202368.743,-4665033.276,3739470.938
118.3,-2202368.791,-4665033.174,3739471.038
118.4,-2202368.838,-4665033.071,3739471.137
118.5,-2202368.886,-4665032.969,3739471.237
118.6,-2202368.933,-4665032.866,3739471.336
118.7,-2202368.981,-4665032.763,3739471.435
118.8,-2202369.028,-4665032.661,3739471.535
118.9,-2202369.076,-4665032.558,3739471.634
119.0,-2202369.123,-4665032.455,3739471.733
119.1,-2202369.171,-4665032.353,3739471.833
119.2,-2202369.218,-4665032.250,3739471.932
119.3,-2202369.266,-4665032.148,3739472.032
119.4,-2202369.313,-4665032.045,3739472.131
119.5,-2202369.361,-4665031.942,3739472.230
119.6,-2202369.408,-4665031.840,3739472.330
119.7,-2202369.456,-4665031.737,3739472.429
119.8,-2202369.503,-4665031.635,3739472.528
119.9,-2202369.551,-4665031.532,3739472.628
120.0,-2202369.598,-4665031.429,3739472.727
120.1,-2202369.646,-4665031.327,3739472.826
120.2,-2202369.693,-4665031.224,3739472.926
120.3,-2202369.741,-4665031.121,3739473.025
120.4,-2202369.788,-4665031.019,3739473.125
120.5,-2202369.836,-4665030.916,3739473.224
120.6,-2202369.884,-4665030.814,3739473.323
120.7,-2202369.931,-4665030.711,3739473.423
120.8,-2202369.979,-4665030.608,3739473.522
120.9,-2202370.026,-4665030.506,3739473.621
121.0,-2202370.074,-4665030.403,3739473.721
121.1,-2202370.121,-4665030.301,3739473.820
121.2,-2202370.169,-4665030.198,3739473.919
121.3,-2202370.216,-4665030.095,3739474.019
121.4,-2202370.264,-4665029.993,3739474.118
121.5,-2202370.311,-4665029.890,3739474.218
121.6,-2202370.359,-4665029.787,3739474.317
121.7,-2202370.406,-4665029.685,3739474.416
121.8,-2202370.454,-4665029.582,3739474.516
121.9,-2202370.501,-4665029.480,3739474.615
122.0,-2202370.549,-4665029.377,3739474.714
122.1,-2202370.596,-4665029.274,3739474.814
122.2,-2202370.644,-4665029.172,3739474.913
122.3,-2202370.691,-4665029.069,3739475.013
122.4,-2202370.739,-4665028.967,3739475.112
122.5,-2202370.786,-4665028.864,3739475.211
122.6,-2202370.834,-4665028.761,3739475.311
122.7,-2202370.881,-4665028.659,3739475.410
122.8,-2202370.929,-4665028.556,3739475.509
122.9,-2202370.976,-4665028.453,3739475.609
123.0,-2202371.024,-4665028.351,3739475.708
123.1,-2202371.071,-4665028.248,3739475.807
123.2,-2202371.119,-4665028.146,3739475.907
123.3,-2202371.166,-4665028.043,3739476.006
123.4,-2202371.214,-4665027.940,3739476.106
123.5,-2202371.262,-4665027.838,3739476.205
123.6,-2202371.309,-4665027.735,3739476.304
123.7,-2202371.357,-4665027.633,3739476.404
123.8,-2202371.404,-4665027.530,3739476.503
123.9,-2202371.452,-4665027.427,3739476.602
124.0,-2202371.499,-4665027.325,3739476.702
124.1,-2202371.547,-4665027.222,3739476.801
124.2,-2202371.594,-4665027.119,3739476.900
124.3,-2202371.642,-4665027.017,3739477.000
124.4,-2202371.689,-4665026.914,3739477.099
124.5,-2202371.737,-4665026.812,3739477.199
124.6,-2202371.784,-4665026.709,3739477.298
124.7,-2202371.832,-4665026.606,3739477.397
124.8,-2202371.879,-4665026.504,3739477.497
124.9,-2202371.927,-4665026.401,3739477.596
125.0,-2202371.974,-4665026.299,3739477.695
125.1,-2202372.022,-4665026.196,3739477.795
125.2,-2202372.069,-4665026.093,3739477.894
125.3,-2202372.117,-4665025.991,3739477.993
125.4,-2202372.164,-4665025.888,3739478.093
125.5,-2202372.212,-4665025.785,3739478.192
125.6,-2202372.259,-4665025.683,3739478.292
125.7,-2202372.307,-4665025.580,3739478.391
125.8,-2202372.354,-4665025.478,3739478.490
125.9,-2202372.402,-4665025.375,3739478.590
126.0,-2202372.449,-4665025.272,3739478.689
126.1,-2202372.497,-4665025.170,3739478.788
126.2,-2202372.544,-4665025.067,3739478.888
126.3,-2202372.592,-4665024.964,3739478.987
126.4,-2202372.640,-4665024.862,3739479.087
126.5,-2202372.687,-4665024.759,3739479.186
126.6,-2202372.735,-4665024.657,3739479.285
126.7,-2202372.782,-4665024.554,3739479.385
126.8,-2202372.830,-4665024.451,3739479.484
126.9,-2202372.877,-4665024.349,3739479.583
127.0,-2202372.925,-4665024.246,3739479.683
127.1,-2202372.972,-4665024.144,3739479.782
127.2,-2202373.020,-4665024.041,3739479.881
127.3,-2202373.067,-4665023.938,3739479.981
127.4,-2202373.115,-4665023.836,3739480.080
127.5,-2202373.162,-4665023.733,3739480.180
127.6,-2202373.210,-4665023.630,3739480.279
127.7,-2202373.257,-4665023.528,3739480.378
127.8,-2202373.305,-4665023.425,3739480.478
127.9,-2202373.352,-4665023.323,3739480.577
128.0,-2202373.400,-4665023.220,3739480.676
128.1,-2202373.447,-4665023.117,3739480.776
128.2,-2202373.495,-4665023.015,3739480.875
128.3,-2202373.542,-4665022.912,3739480.974
128.4,-2202373.590,-4665022.810,3739481.074
128.5,-2202373.637,-4665022.707,3739481.173
128.6,-2202373.685,-4665022.604,3739481.273
128.7,-2202373.732,-4665022.502,3739481.372
128.8,-2202373.780,-4665022.399,3739481.471
128.9,-2202373.827,-4665022.296,3739481.571
129.0,-2202373.875,-4665022.194,3739481.670
129.1,-2202373.922,-4665022.091,3739481.769
129.2,-2202373.970,-4665021.989,3739481.869
129.3,-2202374.017,-4665021.886,3739481.968
129.4,-2202374.065,-4665021.783,3739482.068
129.5,-2202374.113,-4665021.681,3739482.167
129.6,-2202374.160,-4665021.578,3739482.266
129.7,-2202374.208,-4665021.476,3739482.366
129.8,-2202374.255,-4665021.373,3739482.465
129.9,-2202374.303,-4665021.270,3739482.564
130.0,-2202374.350,-4665021.168,3739482.664
130.1,-2202374.398,-4665021.065,3739482.763
130.2,-2202374.445,-4665020.962,3739482.862
130.3,-2202374.493,-4665020.860,3739482.962
130.4,-2202374.540,-4665020.757,3739483.061
130.5,-2202374.588,-4665020.655,3739483.161
130.6,-2202374.635,-4665020.552,3739483.260
130.7,-2202374.683,-4665020.449,3739483.359
130.8,-2202374.730,-4665020.347,3739483.459
130.9,-2202374.778,-4665020.244,3739483.558
131.0,-2202374.825,-4665020.142,3739483.657
131.1,-2202374.873,-4665020.039,3739483.757
131.2,-2202374.920,-4665019.936,3739483.856
131.3,-2202374.968,-4665019.834,3739483.955
131.4,-2202375.015,-4665019.731,3739484.055
131.5,-2202375.063,-4665019.628,3739484.154
131.6,-2202375.110,-4665019.526,3739484.254
131.7,-2202375.158,-4665019.423,3739484.353
131.8,-2202375.205,-4665019.321,3739484.452
131.9,-2202375.253,-4665019.218,3739484.552
132.0,-2202375.300,-4665019.115,3739484.651
132.1,-2202375.348,-4665019.013,3739484.750
132.2,-2202375.395,-4665018.910,3739484.850
132.3,-2202375.443,-4665018.808,3739484.949
132.4,-2202375.491,-4665018.705,3739485.048
132.5,-2202375.538,-4665018.602,3739485.148
132.6,-2202375.586,-4665018.500,3739485.247
132.7,-2202375.633,-4665018.397,3739485.347
132.8,-2202375.681,-4665018.294,3739485.446
132.9,-2202375.728,-4665018.192,3739485.545
133.0,-2202375.776,-4665018.089,3739485.645
133.1,-2202375.823,-4665017.987,3739485.744
133.2,-2202375.871,-4665017.884,3739485.843
133.3,-2202375.918,-4665017.781,3739485.943
133.4,-2202375.966,-4665017.679,3739486.042
133.5,-2202376.013,-4665017.576,3739486.142
133.6,-2202376.061,-4665017.474,3739486.241
133.7,-2202376.108,-4665017.371,3739486.340
133.8,-2202376.156,-4665017.268,3739486.440
133.9,-2202376.203,-4665017.166,3739486.539
134.0,-2202376.251,-4665017.063,3739486.638
134.1,-2202376.298,-4665016.960,3739486.738
134.2,-2202376.346,-4665016.858,3739486.837
134.3,-2202376.393,-4665016.755,3739486.936
134.4,-2202376.441,-4665016.653,3739487.036
134.5,-2202376.488,-4665016.550,3739487.135
134.6,-2202376.536,-4665016.447,3739487.235
134.7,-2202376.583,-4665016.345,3739487.334
134.8,-2202376.631,-4665016.242,3739487.433
134.9,-2202376.678,-4665016.140,3739487.533
135.0,-2202376.726,-4665016.037,3739487.632
135.1,-2202376.773,-4665015.934,3739487.731
135.2,-2202376.821,-4665015.832,3739487.831
135.3,-2202376.869,-4665015.729,3739487.930
135.4,-2202376.916,-4665015.626,3739488.029
135.5,-2202376.964,-4665015.524,3739488.129
135.6,-2202377.011,-4665015.421,3739488.228
135.7,-2202377.059,-4665015.319,3739488.328
135.8,-2202377.106,-4665015.216,3739488.427
135.9,-2202377.154,-4665015.113,3739488.526
136.0,-2202377.201,-4665015.011,3739488.626
136.1,-2202377.249,-4665014.908,3739488.725
136.2,-2202377.296,-4665014.806,3739488.824
136.3,-2202377.344,-4665014.703,3739488.924
136.4,-2202377.391,-4665014.600,3739489.023
136.5,-2202377.439,-4665014.498,3739489.123
136.6,-2202377.486,-4665014.395,3739489.222
136.7,-2202377.534,-4665014.292,3739489.321
136.8,-2202377.581,-4665014.190,3739489.421
136.9,-2202377.629,-4665014.087,3739489.520
137.0,-2202377.676,-4665013.985,3739489.619
137.1,-2202377.724,-4665013.882,3739489.719
137.2,-2202377.771,-4665013.779,3739489.818
137.3,-2202377.819,-4665013.677,3739489.917
137.4,-2202377.866,-4665013.574,3739490.017
137.5,-2202377.914,-4665013.471,3739490.116
137.6,-2202377.961,-4665013.369,3739490.216
137.7,-2202378.009,-4665013.266,3739490.315
137.8,-2202378.056,-4665013.164,3739490.414
137.9,-2202378.104,-4665013.061,3739490.514
138.0,-2202378.151,-4665012.958,3739490.613
138.1,-2202378.199,-4665012.856,3739490.712
138.2,-2202378.246,-4665012.753,3739490.812
138.3,-2202378.294,-4665012.651,3739490.911
138.4,-2202378.342,-4665012.548,3739491.010
138.5,-2202378.389,-4665012.445,3739491.110
138.6,-2202378.437,-4665012.343,3739491.209
138.7,-2202378.484,-4665012.240,3739491.309
138.8,-2202378.532,-4665012.137,3739491.408
138.9,-2202378.579,-4665012.035,3739491.507
139.0,-2202378.627,-4665011.932,3739491.607
139.1,-2202378.674,-4665011.830,3739491.706
139.2,-2202378.722,-4665011.727,3739491.805
139.3,-2202378.769,-4665011.624,3739491.905
139.4,-2202378.817,-4665011.522,3739492.004
139.5,-2202378.864,-4665011.419,3739492.104
139.6,-2202378.912,-4665011.317,3739492.203
139.7,-2202378.959,-4665011.214,3739492.302
139.8,-2202379.007,-4665011.111,3739492.402
139.9,-2202379.054,-4665011.009,3739492.501
140.0,-2202379.102,-4665010.906,3739492.600
140.1,-2202379.149,-4665010.803,3739492.700
140.2,-2202379.197,-4665010.701,3739492.799
140.3,-2202379.244,-4665010.598,3739492.898
140.4,-2202379.292,-4665010.496,3739492.998
140.5,-2202379.339,-4665010.393,3739493.097
140.6,-2202379.387,-4665010.290,3739493.197
140.7,-2202379.434,-4665010.188,3739493.296
140.8,-2202379.482,-4665010.085,3739493.395
140.9,-2202379.529,-4665009.983,3739493.495
141.0,-2202379.577,-4665009.880,3739493.594
141.1,-2202379.624,-4665009.777,3739493.693
141.2,-2202379.672,-4665009.675,3739493.793
141.3,-2202379.720,-4665009.572,3739493.892
141.4,-2202379.767,-4665009.469,3739493.991
141.5,-2202379.815,-4665009.367,3739494.091
141.6,-2202379.862,-4665009.264,3739494.190
141.7,-2202379.910,-4665009.162,3739494.290
141.8,-2202379.957,-4665009.059,3739494.389
141.9,-2202380.005,-4665008.956,3739494.488
142.0,-2202380.052,-4665008.854,3739494.588
142.1,-2202380.100,-4665008.751,3739494.687
142.2,-2202380.147,-4665008.649,3739494.786
142.3,-2202380.195,-4665008.546,3739494.886
142.4,-2202380.242,-4665008.443,3739494.985
142.5,-2202380.290,-4665008.341,3739495.084
142.6,-2202380.337,-4665008.238,3739495.184
142.7,-2202380.385,-4665008.135,3739495.283
142.8,-2202380.432,-4665008.033,3739495.383
142.9,-2202380.480,-4665007.930,3739495.482
143.0,-2202380.527,-4665007.828,3739495.581
143.1,-2202380.575,-4665007.725,3739495.681
143.2,-2202380.622,-4665007.622,3739495.780
143.3,-2202380.670,-4665007.520,3739495.879
143.4,-2202380.717,-4665007.417,3739495.979
143.5,-2202380.765,-4665007.315,3739496.078
143.6,-2202380.812,-4665007.212,3739496.178
143.7,-2202380.860,-4665007.109,3739496.277
143.8,-2202380.907,-4665007.007,3739496.376
143.9,-2202380.955,-4665006.904,3739496.476
144.0,-2202381.002,-4665006.801,3739496.575
144.1,-2202381.050,-4665006.699,3739496.674
144.2,-2202381.098,-4665006.596,3739496.774
144.3,-2202381.145,-4665006.494,3739496.873
144.4,-2202381.193,-4665006.391,3739496.972
144.5,-2202381.240,-4665006.288,3739497.072
144.6,-2202381.288,-4665006.186,3739497.171
144.7,-2202381.335,-4665006.083,3739497.271
144.8,-2202381.383,-4665005.981,3739497.370
144.9,-2202381.430,-4665005.878,3739497.469
145.0,-2202381.478,-4665005.775,3739497.569
145.1,-2202381.525,-4665005.673,3739497.668
145.2,-2202381.573,-4665005.570,3739497.767
145.3,-2202381.620,-4665005.467,3739497.867
145.4,-2202381.668,-4665005.365,3739497.966
145.5,-2202381.715,-4665005.262,3739498.065
145.6,-2202381.763,-4665005.160,3739498.165
145.7,-2202381.810,-4665005.057,3739498.264
145.8,-2202381.858,-4665004.954,3739498.364
145.9,-2202381.905,-4665004.852,3739498.463
146.0,-2202381.953,-4665004.749,3739498.562
146.1,-2202382.000,-4665004.647,3739498.662
146.2,-2202382.048,-4665004.544,3739498.761
146.3,-2202382.095,-4665004.441,3739498.860
146.4,-2202382.143,-4665004.339,3739498.960
146.5,-2202382.190,-4665004.236,3739499.059
146.6,-2202382.238,-4665004.133,3739499.159
146.7,-2202382.285,-4665004.031,3739499.258
146.8,-2202382.333,-4665003.928,3739499.357
146.9,-2202382.380,-4665003.826,3739499.457
147.0,-2202382.428,-4665003.723,3739499.556
147.1,-2202382.475,-4665003.620,3739499.655
147.2,-2202382.523,-4665003.518,3739499.755
147.3,-2202382.571,-4665003.415,3739499.854
147.4,-2202382.618,-4665003.313,3739499.953
147.5,-2202382.666,-4665003.210,3739500.053
147.6,-2202382.713,-4665003.107,3739500.152
147.7,-2202382.761,-4665003.005,3739500.252
147.8,-2202382.808,-4665002.902,3739500.351
147.9,-2202382.856,-4665002.799,3739500.450
148.0,-2202382.903,-4665002.697,3739500.550
148.1,-2202382.951,-4665002.594,3739500.649
148.2,-2202382.998,-4665002.492,3739500.748
148.3,-2202383.046,-4665002.389,3739500.848
148.4,-2202383.093,-4665002.286,3739500.947
148.5,-2202383.141,-4665002.184,3739501.046
148.6,-2202383.188,-4665002.081,3739501.146
148.7,-2202383.236,-4665001.978,3739501.245
148.8,-2202383.283,-4665001.876,3739501.345
148.9,-2202383.331,-4665001.773,3739501.444
149.0,-2202383.378,-4665001.671,3739501.543
149.1,-2202383.426,-4665001.568,3739501.643
149.2,-2202383.473,-4665001.465,3739501.742
149.3,-2202383.521,-4665001.363,3739501.841
149.4,-2202383.568,-4665001.260,3739501.941
149.5,-2202383.616,-4665001.158,3739502.040
149.6,-2202383.663,-4665001.055,3739502.139
149.7,-2202383.711,-4665000.952,3739502.239
149.8,-2202383.758,-4665000.850,3739502.338
149.9,-2202383.806,-4665000.747,3739502.438
150.0,-2202383.853,-4665000.644,3739502.537
150.1,-2202383.901,-4665000.542,3739502.636
150.2,-2202383.949,-4665000.439,3739502.736
150.3,-2202383.996,-4665000.337,3739502.835
150.4,-2202384.044,-4665000.234,3739502.934
150.5,-2202384.091,-4665000.131,3739503.034
150.6,-2202384.139,-4665000.029,3739503.133
150.7,-2202384.186,-4664999.926,3739503.233
150.8,-2202384.234,-4664999.824,3739503.332
150.9,-2202384.281,-4664999.721,3739503.431
151.0,-2202384.329,-4664999.618,3739503.531
151.1,-2202384.376,-4664999.516,3739503.630
151.2,-2202384.424,-4664999.413,3739503.729
151.3,-2202384.471,-4664999.310,3739503.829
151.4,-2202384.519,-4664999.208,3739503.928
151.5,-2202384.566,-4664999.105,3739504.027
151.6,-2202384.614,-4664999.003,3739504.127
151.7,-2202384.661,-4664998.900,3739504.226
151.8,-2202384.709,-4664998.797,3739504.326
151.9,-2202384.756,-4664998.695,3739504.425
152.0,-2202384.804,-4664998.592,3739504.524
152.1,-2202384.851,-4664998.490,3739504.624
152.2,-2202384.899,-4664998.387,3739504.723
152.3,-2202384.946,-4664998.284,3739504.822
152.4,-2202384.994,-4664998.182,3739504.922
152.5,-2202385.041,-4664998.079,3739505.021
152.6,-2202385.089,-4664997.976,3739505.120
152.7,-2202385.136,-4664997.874,3739505.220
152.8,-2202385.184,-4664997.771,3739505.319
152.9,-2202385.231,-4664997.669,3739505.419
153.0,-2202385.279,-4664997.566,3739505.518
153.1,-2202385.327,-4664997.463,3739505.617
153.2,-2202385.374,-4664997.361,3739505.717
153.3,-2202385.422,-4664997.258,3739505.816
153.4,-2202385.469,-4664997.156,3739505.915
153.5,-2202385.517,-4664997.053,3739506.015
153.6,-2202385.564,-4664996.950,3739506.114
153.7,-2202385.612,-4664996.848,3739506.214
153.8,-2202385.659,-4664996.745,3739506.313
153.9,-2202385.707,-4664996.642,3739506.412
154.0,-2202385.754,-4664996.540,3739506.512
154.1,-2202385.802,-4664996.437,3739506.611
154.2,-2202385.849,-4664996.335,3739506.710
154.3,-2202385.897,-4664996.232,3739506.810
154.4,-2202385.944,-4664996.129,3739506.909
154.5,-2202385.992,-4664996.027,3739507.008
154.6,-2202386.039,-4664995.924,3739507.108
154.7,-2202386.087,-4664995.822,3739507.207
154.8,-2202386.134,-4664995.719,3739507.307
154.9,-2202386.182,-4664995.616,3739507.406
155.0,-2202386.229,-4664995.514,3739507.505
155.1,-2202386.277,-4664995.411,3739507.605
155.2,-2202386.324,-4664995.308,3739507.704
155.3,-2202386.372,-4664995.206,3739507.803
155.4,-2202386.419,-4664995.103,3739507.903
155.5,-2202386.467,-4664995.001,3739508.002
155.6,-2202386.514,-4664994.898,3739508.101
155.7,-2202386.562,-4664994.795,3739508.201
155.8,-2202386.609,-4664994.693,3739508.300
155.9,-2202386.657,-4664994.590,3739508.400
156.0,-2202386.704,-4664994.488,3739508.499
156.1,-2202386.752,-4664994.385,3739508.598
156.2,-2202386.800,-4664994.282,3739508.698
156.3,-2202386.847,-4664994.180,3739508.797
156.4,-2202386.895,-4664994.077,3739508.896
156.5,-2202386.942,-4664993.974,3739508.996
156.6,-2202386.990,-4664993.872,3739509.095
156.7,-2202387.037,-4664993.769,3739509.195
156.8,-2202387.085,-4664993.667,3739509.294
156.9,-2202387.132,-4664993.564,3739509.393
157.0,-2202387.180,-4664993.461,3739509.493
157.1,-2202387.227,-4664993.359,3739509.592
157.2,-2202387.275,-4664993.256,3739509.691
157.3,-2202387.322,-4664993.154,3739509.791
157.4,-2202387.370,-4664993.051,3739509.890
157.5,-2202387.417,-4664992.948,3739509.989
157.6,-2202387.465,-4664992.846,3739510.089
157.7,-2202387.512,-4664992.743,3739510.188
157.8,-2202387.560,-4664992.640,3739510.288
157.9,-2202387.607,-4664992.538,3739510.387
158.0,-2202387.655,-4664992.435,3739510.486
158.1,-2202387.702,-4664992.333,3739510.586
158.2,-2202387.750,-4664992.230,3739510.685
158.3,-2202387.797,-4664992.127,3739510.784
158.4,-2202387.845,-4664992.025,3739510.884
158.5,-2202387.892,-4664991.922,3739510.983
158.6,-2202387.940,-4664991.820,3739511.082
158.7,-2202387.987,-4664991.717,3739511.182
158.8,-2202388.035,-4664991.614,3739511.281
158.9,-2202388.082,-4664991.512,3739511.381
159.0,-2202388.130,-4664991.409,3739511.480
159.1,-2202388.178,-4664991.306,3739511.579
159.2,-2202388.225,-4664991.204,3739511.679
159.3,-2202388.273,-4664991.101,3739511.778
159.4,-2202388.320,-4664990.999,3739511.877
159.5,-2202388.368,-4664990.896,3739511.977
159.6,-2202388.415,-4664990.793,3739512.076
159.7,-2202388.463,-4664990.691,3739512.175
159.8,-2202388.510,-4664990.588,3739512.275
159.9,-2202388.558,-4664990.485,3739512.374
160.0,-2202388.605,-4664990.383,3739512.474
160.1,-2202388.653,-4664990.280,3739512.573
160.2,-2202388.700,-4664990.178,3739512.672
160.3,-2202388.748,-4664990.075,3739512.772
160.4,-2202388.795,-4664989.972,3739512.871
160.5,-2202388.843,-4664989.870,3739512.970
160.6,-2202388.890,-4664989.767,3739513.070
160.7,-2202388.938,-4664989.665,3739513.169
160.8,-2202388.985,-4664989.562,3739513.269
160.9,-2202389.033,-4664989.459,3739513.368
161.0,-2202389.080,-4664989.357,3739513.467
161.1,-2202389.128,-4664989.254,3739513.567
161.2,-2202389.175,-4664989.151,3739513.666
161.3,-2202389.223,-4664989.049,3739513.765
161.4,-2202389.270,-4664988.946,3739513.865
161.5,-2202389.318,-4664988.844,3739513.964
161.6,-2202389.365,-4664988.741,3739514.063
161.7,-2202389.413,-4664988.638,3739514.163
161.8,-2202389.460,-4664988.536,3739514.262
161.9,-2202389.508,-4664988.433,3739514.362
162.0,-2202389.556,-4664988.331,3739514.461
162.1,-2202389.603,-4664988.228,3739514.560
162.2,-2202389.651,-4664988.125,3739514.660
162.3,-2202389.698,-4664988.023,3739514.759
162.4,-2202389.746,-4664987.920,3739514.858
162.5,-2202389.793,-4664987.817,3739514.958
162.6,-2202389.841,-4664987.715,3739515.057
162.7,-2202389.888,-4664987.612,3739515.156
162.8,-2202389.936,-4664987.510,3739515.256
162.9,-2202389.983,-4664987.407,3739515.355
163.0,-2202390.031,-4664987.304,3739515.455
163.1,-2202390.078,-4664987.202,3739515.554
163.2,-2202390.126,-4664987.099,3739515.653
163.3,-2202390.173,-4664986.997,3739515.753
163.4,-2202390.221,-4664986.894,3739515.852
163.5,-2202390.268,-4664986.791,3739515.951
163.6,-2202390.316,-4664986.689,3739516.051
163.7,-2202390.363,-4664986.586,3739516.150
163.8,-2202390.411,-4664986.483,3739516.250
163.9,-2202390.458,-4664986.381,3739516.349
164.0,-2202390.506,-4664986.278,3739516.448
164.1,-2202390.553,-4664986.176,3739516.548
164.2,-2202390.601,-4664986.073,3739516.647
164.3,-2202390.648,-4664985.970,3739516.746
164.4,-2202390.696,-4664985.868,3739516.846
164.5,-2202390.743,-4664985.765,3739516.945
164.6,-2202390.791,-4664985.663,3739517.044
164.7,-2202390.838,-4664985.560,3739517.144
164.8,-2202390.886,-4664985.457,3739517.243
164.9,-2202390.933,-4664985.355,3739517.343
165.0,-2202390.981,-4664985.252,3739517.442
165.1,-2202391.029,-4664985.149,3739517.541
165.2,-2202391.076,-4664985.047,3739517.641
165.3,-2202391.124,-4664984.944,3739517.740
165.4,-2202391.171,-4664984.842,3739517.839
165.5,-2202391.219,-4664984.739,3739517.939
165.6,-2202391.266,-4664984.636,3739518.038
165.7,-2202391.314,-4664984.534,3739518.137
165.8,-2202391.361,-4664984.431,3739518.237
165.9,-2202391.409,-4664984.329,3739518.336
166.0,-2202391.456,-4664984.226,3739518.436
166.1,-2202391.504,-4664984.123,3739518.535
166.2,-2202391.551,-4664984.021,3739518.634
166.3,-2202391.599,-4664983.918,3739518.734
166.4,-2202391.646,-4664983.815,3739518.833
166.5,-2202391.694,-4664983.713,3739518.932
166.6,-2202391.741,-4664983.610,3739519.032
166.7,-2202391.789,-4664983.508,3739519.131
166.8,-2202391.836,-4664983.405,3739519.230
166.9,-2202391.884,-4664983.302,3739519.330
167.0,-2202391.931,-4664983.200,3739519.429
167.1,-2202391.979,-4664983.097,3739519.529
167.2,-2202392.026,-4664982.995,3739519.628
167.3,-2202392.074,-4664982.892,3739519.727
167.4,-2202392.121,-4664982.789,3739519.827
167.5,-2202392.169,-4664982.687,3739519.926
167.6,-2202392.216,-4664982.584,3739520.025
167.7,-2202392.264,-4664982.481,3739520.125
167.8,-2202392.311,-4664982.379,3739520.224
167.9,-2202392.359,-4664982.276,3739520.324
168.0,-2202392.407,-4664982.174,3739520.423
168.1,-2202392.454,-4664982.071,3739520.522
168.2,-2202392.502,-4664981.968,3739520.622
168.3,-2202392.549,-4664981.866,3739520.721
168.4,-2202392.597,-4664981.763,3739520.820
168.5,-2202392.644,-4664981.661,3739520.920
168.6,-2202392.692,-4664981.558,3739521.019
168.7,-2202392.739,-4664981.455,3739521.118
168.8,-2202392.787,-4664981.353,3739521.218
168.9,-2202392.834,-4664981.250,3739521.317
169.0,-2202392.882,-4664981.147,3739521.417
169.1,-2202392.929,-4664981.045,3739521.516
169.2,-2202392.977,-4664980.942,3739521.615
169.3,-2202393.024,-4664980.840,3739521.715
169.4,-2202393.072,-4664980.737,3739521.814
169.5,-2202393.119,-4664980.634,3739521.913
169.6,-2202393.167,-4664980.532,3739522.013
169.7,-2202393.214,-4664980.429,3739522.112
169.8,-2202393.262,-4664980.327,3739522.211
169.9,-2202393.309,-4664980.224,3739522.311
170.0,-2202393.357,-4664980.121,3739522.410
170.1,-2202393.404,-4664980.019,3739522.510
170.2,-2202393.452,-4664979.916,3739522.609
170.3,-2202393.499,-4664979.813,3739522.708
170.4,-2202393.547,-4664979.711,3739522.808
170.5,-2202393.594,-4664979.608,3739522.907
170.6,-2202393.642,-4664979.506,3739523.006
170.7,-2202393.689,-4664979.403,3739523.106
170.8,-2202393.737,-4664979.300,3739523.205
170.9,-2202393.785,-4664979.198,3739523.305
171.0,-2202393.832,-4664979.095,3739523.404
171.1,-2202393.880,-4664978.992,3739523.503
171.2,-2202393.927,-4664978.890,3739523.603
171.3,-2202393.975,-4664978.787,3739523.702
171.4,-2202394.022,-4664978.685,3739523.801
171.5,-2202394.070,-4664978.582,3739523.901
171.6,-2202394.117,-4664978.479,3739524.000
171.7,-2202394.165,-4664978.377,3739524.099
171.8,-2202394.212,-4664978.274,3739524.199
171.9,-2202394.260,-4664978.172,3739524.298
172.0,-2202394.307,-4664978.069,3739524.398
172.1,-2202394.355,-4664977.966,3739524.497
172.2,-2202394.402,-4664977.864,3739524.596
172.3,-2202394.450,-4664977.761,3739524.696
172.4,-2202394.497,-4664977.658,3739524.795
172.5,-2202394.545,-4664977.556,3739524.894
172.6,-2202394.592,-4664977.453,3739524.994
172.7,-2202394.640,-4664977.351,3739525.093
172.8,-2202394.687,-4664977.248,3739525.192
172.9,-2202394.735,-4664977.145,3739525.292
173.0,-2202394.782,-4664977.043,3739525.391
173.1,-2202394.830,-4664976.940,3739525.491
173.2,-2202394.877,-4664976.838,3739525.590
173.3,-2202394.925,-4664976.735,3739525.689
173.4,-2202394.972,-4664976.632,3739525.789
173.5,-2202395.020,-4664976.530,3739525.888
173.6,-2202395.067,-4664976.427,3739525.987
173.7,-2202395.115,-4664976.324,3739526.087
173.8,-2202395.162,-4664976.222,3739526.186
173.9,-2202395.210,-4664976.119,3739526.286
174.0,-2202395.258,-4664976.017,3739526.385
174.1,-2202395.305,-4664975.914,3739526.484
174.2,-2202395.353,-4664975.811,3739526.584
174.3,-2202395.400,-4664975.709,3739526.683
174.4,-2202395.448,-4664975.606,3739526.782
174.5,-2202395.495,-4664975.504,3739526.882
174.6,-2202395.543,-4664975.401,3739526.981
174.7,-2202395.590,-4664975.298,3739527.080
174.8,-2202395.638,-4664975.196,3739527.180
174.9,-2202395.685,-4664975.093,3739527.279
175.0,-2202395.733,-4664974.990,3739527.379
175.1,-2202395.780,-4664974.888,3739527.478
175.2,-2202395.828,-4664974.785,3739527.577
175.3,-2202395.875,-4664974.683,3739527.677
175.4,-2202395.923,-4664974.580,3739527.776
175.5,-2202395.970,-4664974.477,3739527.875
175.6,-2202396.018,-4664974.375,3739527.975
175.7,-2202396.065,-4664974.272,3739528.074
175.8,-2202396.113,-4664974.170,3739528.173
175.9,-2202396.160,-4664974.067,3739528.273
176.0,-2202396.208,-4664973.964,3739528.372
176.1,-2202396.255,-4664973.862,3739528.472
176.2,-2202396.303,-4664973.759,3739528.571
176.3,-2202396.350,-4664973.656,3739528.670
176.4,-2202396.398,-4664973.554,3739528.770
176.5,-2202396.445,-4664973.451,3739528.869
176.6,-2202396.493,-4664973.349,3739528.968
176.7,-2202396.540,-4664973.246,3739529.068
176.8,-2202396.588,-4664973.143,3739529.167
176.9,-2202396.636,-4664973.041,3739529.266
177.0,-2202396.683,-4664972.938,3739529.366
177.1,-2202396.731,-4664972.836,3739529.465
177.2,-2202396.778,-4664972.733,3739529.565
177.3,-2202396.826,-4664972.630,3739529.664
177.4,-2202396.873,-4664972.528,3739529.763
177.5,-2202396.921,-4664972.425,3739529.863
177.6,-2202396.968,-4664972.322,3739529.962
177.7,-2202397.016,-4664972.220,3739530.061
177.8,-2202397.063,-4664972.117,3739530.161
177.9,-2202397.111,-4664972.015,3739530.260
178.0,-2202397.158,-4664971.912,3739530.360
178.1,-2202397.206,-4664971.809,3739530.459
178.2,-2202397.253,-4664971.707,3739530.558
178.3,-2202397.301,-4664971.604,3739530.658
178.4,-2202397.348,-4664971.502,3739530.757
178.5,-2202397.396,-4664971.399,3739530.856
178.6,-2202397.443,-4664971.296,3739530.956
178.7,-2202397.491,-4664971.194,3739531.055
178.8,-2202397.538,-4664971.091,3739531.154
178.9,-2202397.586,-4664970.988,3739531.254
179.0,-2202397.633,-4664970.886,3739531.353
179.1,-2202397.681,-4664970.783,3739531.453
179.2,-2202397.728,-4664970.681,3739531.552
179.3,-2202397.776,-4664970.578,3739531.651
179.4,-2202397.823,-4664970.475,3739531.751
179.5,-2202397.871,-4664970.373,3739531.850
179.6,-2202397.918,-4664970.270,3739531.949
179.7,-2202397.966,-4664970.168,3739532.049
179.8,-2202398.014,-4664970.065,3739532.148
179.9,-2202398.061,-4664969.962,3739532.247
180.0,-2202398.109,-4664969.860,3739532.347
180.1,-2202398.156,-4664969.757,3739532.446
180.2,-2202398.204,-4664969.654,3739532.546
180.3,-2202398.251,-4664969.552,3739532.645
180.4,-2202398.299,-4664969.449,3739532.744
180.5,-2202398.346,-4664969.347,3739532.844
180.6,-2202398.394,-4664969.244,3739532.943
180.7,-2202398.441,-4664969.141,3739533.042
180.8,-2202398.489,-4664969.039,3739533.142
180.9,-2202398.536,-4664968.936,3739533.241
181.0,-2202398.584,-4664968.834,3739533.341
181.1,-2202398.631,-4664968.731,3739533.440
181.2,-2202398.679,-4664968.628,3739533.539
181.3,-2202398.726,-4664968.526,3739533.639
181.4,-2202398.774,-4664968.423,3739533.738
181.5,-2202398.821,-4664968.320,3739533.837
181.6,-2202398.869,-4664968.218,3739533.937
181.7,-2202398.916,-4664968.115,3739534.036
181.8,-2202398.964,-4664968.013,3739534.135
181.9,-2202399.011,-4664967.910,3739534.235
182.0,-2202399.059,-4664967.807,3739534.334
182.1,-2202399.106,-4664967.705,3739534.434
182.2,-2202399.154,-4664967.602,3739534.533
182.3,-2202399.201,-4664967.499,3739534.632
182.4,-2202399.249,-4664967.397,3739534.732
182.5,-2202399.296,-4664967.294,3739534.831
182.6,-2202399.344,-4664967.192,3739534.930
182.7,-2202399.391,-4664967.089,3739535.030
182.8,-2202399.439,-4664966.986,3739535.129
182.9,-2202399.487,-4664966.884,3739535.228
183.0,-2202399.534,-4664966.781,3739535.328
183.1,-2202399.582,-4664966.679,3739535.427
183.2,-2202399.629,-4664966.576,3739535.527
183.3,-2202399.677,-4664966.473,3739535.626
183.4,-2202399.724,-4664966.371,3739535.725
183.5,-2202399.772,-4664966.268,3739535.825
183.6,-2202399.819,-4664966.165,3739535.924
183.7,-2202399.867,-4664966.063,3739536.023
183.8,-2202399.914,-4664965.960,3739536.123
183.9,-2202399.962,-4664965.858,3739536.222
184.0,-2202400.009,-4664965.755,3739536.321
184.1,-2202400.057,-4664965.652,3739536.421
184.2,-2202400.104,-4664965.550,3739536.520
184.3,-2202400.152,-4664965.447,3739536.620
184.4,-2202400.199,-4664965.345,3739536.719
184.5,-2202400.247,-4664965.242,3739536.818
184.6,-2202400.294,-4664965.139,3739536.918
184.7,-2202400.342,-4664965.037,3739537.017
184.8,-2202400.389,-4664964.934,3739537.116
184.9,-2202400.437,-4664964.831,3739537.216
185.0,-2202400.484,-4664964.729,3739537.315
185.1,-2202400.532,-4664964.626,3739537.415
185.2,-2202400.579,-4664964.524,3739537.514
185.3,-2202400.627,-4664964.421,3739537.613
185.4,-2202400.674,-4664964.318,3739537.713
185.5,-2202400.722,-4664964.216,3739537.812
185.6,-2202400.769,-4664964.113,3739537.911
185.7,-2202400.817,-4664964.011,3739538.011
185.8,-2202400.865,-4664963.908,3739538.110
185.9,-2202400.912,-4664963.805,3739538.209
186.0,-2202400.960,-4664963.703,3739538.309
186.1,-2202401.007,-4664963.600,3739538.408
186.2,-2202401.055,-4664963.497,3739538.508
186.3,-2202401.102,-4664963.395,3739538.607
186.4,-2202401.150,-4664963.292,3739538.706
186.5,-2202401.197,-4664963.190,3739538.806
186.6,-2202401.245,-4664963.087,3739538.905
186.7,-2202401.292,-4664962.984,3739539.004
186.8,-2202401.340,-4664962.882,3739539.104
186.9,-2202401.387,-4664962.779,3739539.203
187.0,-2202401.435,-4664962.677,3739539.302
187.1,-2202401.482,-4664962.574,3739539.402
187.2,-2202401.530,-4664962.471,3739539.501
187.3,-2202401.577,-4664962.369,3739539.601
187.4,-2202401.625,-4664962.266,3739539.700
187.5,-2202401.672,-4664962.163,3739539.799
187.6,-2202401.720,-4664962.061,3739539.899
187.7,-2202401.767,-4664961.958,3739539.998
187.8,-2202401.815,-4664961.856,3739540.097
187.9,-2202401.862,-4664961.753,3739540.197
188.0,-2202401.910,-4664961.650,3739540.296
188.1,-2202401.957,-4664961.548,3739540.396
188.2,-2202402.005,-4664961.445,3739540.495
188.3,-2202402.052,-4664961.343,3739540.594
188.4,-2202402.100,-4664961.240,3739540.694
188.5,-2202402.147,-4664961.137,3739540.793
188.6,-2202402.195,-4664961.035,3739540.892
188.7,-2202402.243,-4664960.932,3739540.992
188.8,-2202402.290,-4664960.829,3739541.091
188.9,-2202402.338,-4664960.727,3739541.190
189.0,-2202402.385,-4664960.624,3739541.290
189.1,-2202402.433,-4664960.522,3739541.389
189.2,-2202402.480,-4664960.419,3739541.489
189.3,-2202402.528,-4664960.316,3739541.588
189.4,-2202402.575,-4664960.214,3739541.687
189.5,-2202402.623,-4664960.111,3739541.787
189.6,-2202402.670,-4664960.009,3739541.886
189.7,-2202402.718,-4664959.906,3739541.985
189.8,-2202402.765,-4664959.803,3739542.085
189.9,-2202402.813,-4664959.701,3739542.184
190.0,-2202402.860,-4664959.598,3739542.283
190.1,-2202402.908,-4664959.495,3739542.383
190.2,-2202402.955,-4664959.393,3739542.482
190.3,-2202403.003,-4664959.290,3739542.582
190.4,-2202403.050,-4664959.188,3739542.681
190.5,-2202403.098,-4664959.085,3739542.780
190.6,-2202403.145,-4664958.982,3739542.880
190.7,-2202403.193,-4664958.880,3739542.979
190.8,-2202403.240,-4664958.777,3739543.078
190.9,-2202403.288,-4664958.675,3739543.178
191.0,-2202403.335,-4664958.572,3739543.277
191.1,-2202403.383,-4664958.469,3739543.377
191.2,-2202403.430,-4664958.367,3739543.476
191.3,-2202403.478,-4664958.264,3739543.575
191.4,-2202403.525,-4664958.161,3739543.675
191.5,-2202403.573,-4664958.059,3739543.774
191.6,-2202403.620,-4664957.956,3739543.873
191.7,-2202403.668,-4664957.854,3739543.973
191.8,-2202403.716,-4664957.751,3739544.072
191.9,-2202403.763,-4664957.648,3739544.171
192.0,-2202403.811,-4664957.546,3739544.271
192.1,-2202403.858,-4664957.443,3739544.370
192.2,-2202403.906,-4664957.341,3739544.470
192.3,-2202403.953,-4664957.238,3739544.569
192.4,-2202404.001,-4664957.135,3739544.668
192.5,-2202404.048,-4664957.033,3739544.768
192.6,-2202404.096,-4664956.930,3739544.867
192.7,-2202404.143,-4664956.827,3739544.966
192.8,-2202404.191,-4664956.725,3739545.066
192.9,-2202404.238,-4664956.622,3739545.165
193.0,-2202404.286,-4664956.520,3739545.264
193.1,-2202404.333,-4664956.417,3739545.364
193.2,-2202404.381,-4664956.314,3739545.463
193.3,-2202404.428,-4664956.212,3739545.563
193.4,-2202404.476,-4664956.109,3739545.662
193.5,-2202404.523,-4664956.006,3739545.761
193.6,-2202404.571,-4664955.904,3739545.861
193.7,-2202404.618,-4664955.801,3739545.960
193.8,-2202404.666,-4664955.699,3739546.059
193.9,-2202404.713,-4664955.596,3739546.159
194.0,-2202404.761,-4664955.493,3739546.258
194.1,-2202404.808,-4664955.391,3739546.357
194.2,-2202404.856,-4664955.288,3739546.457
194.3,-2202404.903,-4664955.186,3739546.556
194.4,-2202404.951,-4664955.083,3739546.656
194.5,-2202404.998,-4664954.980,3739546.755
194.6,-2202405.046,-4664954.878,3739546.854
194.7,-2202405.094,-4664954.775,3739546.954
194.8,-2202405.141,-4664954.672,3739547.053
194.9,-2202405.189,-4664954.570,3739547.152
195.0,-2202405.236,-4664954.467,3739547.252
195.1,-2202405.284,-4664954.365,3739547.351
195.2,-2202405.331,-4664954.262,3739547.451
195.3,-2202405.379,-4664954.159,3739547.550
195.4,-2202405.426,-4664954.057,3739547.649
195.5,-2202405.474,-4664953.954,3739547.749
195.6,-2202405.521,-4664953.852,3739547.848
195.7,-2202405.569,-4664953.749,3739547.947
195.8,-2202405.616,-4664953.646,3739548.047
195.9,-2202405.664,-4664953.544,3739548.146
196.0,-2202405.711,-4664953.441,3739548.245
196.1,-2202405.759,-4664953.338,3739548.345
196.2,-2202405.806,-4664953.236,3739548.444
196.3,-2202405.854,-4664953.133,3739548.544
196.4,-2202405.901,-4664953.031,3739548.643
196.5,-2202405.949,-4664952.928,3739548.742
196.6,-2202405.996,-4664952.825,3739548.842
196.7,-2202406.044,-4664952.723,3739548.941
196.8,-2202406.091,-4664952.620,3739549.040
196.9,-2202406.139,-4664952.518,3739549.140
197.0,-2202406.186,-4664952.415,3739549.239
197.1,-2202406.234,-4664952.312,3739549.338
197.2,-2202406.281,-4664952.210,3739549.438
197.3,-2202406.329,-4664952.107,3739549.537
197.4,-2202406.376,-4664952.004,3739549.637
197.5,-2202406.424,-4664951.902,3739549.736
197.6,-2202406.472,-4664951.799,3739549.835
197.7,-2202406.519,-4664951.697,3739549.935
197.8,-2202406.567,-4664951.594,3739550.034
197.9,-2202406.614,-4664951.491,3739550.133
198.0,-2202406.662,-4664951.389,3739550.233
198.1,-2202406.709,-4664951.286,3739550.332
198.2,-2202406.757,-4664951.184,3739550.432
198.3,-2202406.804,-4664951.081,3739550.531
198.4,-2202406.852,-4664950.978,3739550.630
198.5,-2202406.899,-4664950.876,3739550.730
198.6,-2202406.947,-4664950.773,3739550.829
198.7,-2202406.994,-4664950.670,3739550.928
198.8,-2202407.042,-4664950.568,3739551.028
198.9,-2202407.089,-4664950.465,3739551.127
199.0,-2202407.137,-4664950.363,3739551.226
199.1,-2202407.184,-4664950.260,3739551.326
199.2,-2202407.232,-4664950.157,3739551.425
199.3,-2202407.279,-4664950.055,3739551.525
199.4,-2202407.327,-4664949.952,3739551.624
199.5,-2202407.374,-4664949.850,3739551.723
199.6,-2202407.422,-4664949.747,3739551.823
199.7,-2202407.469,-4664949.644,3739551.922
199.8,-2202407.517,-4664949.542,3739552.021
199.9,-2202407.564,-4664949.439,3739552.121
200.0,-2202407.612,-4664949.336,3739552.220
200.1,-2202407.659,-4664949.234,3739552.319
200.2,-2202407.707,-4664949.131,3739552.419
200.3,-2202407.754,-4664949.029,3739552.518
200.4,-2202407.802,-4664948.926,3739552.618
200.5,-2202407.849,-4664948.823,3739552.717
200.6,-2202407.897,-4664948.721,3739552.816
200.7,-2202407.945,-4664948.618,3739552.916
200.8,-2202407.992,-4664948.516,3739553.015
200.9,-2202408.040,-4664948.413,3739553.114
201.0,-2202408.087,-4664948.310,3739553.214
201.1,-2202408.135,-4664948.208,3739553.313
201.2,-2202408.182,-4664948.105,3739553.412
201.3,-2202408.230,-4664948.002,3739553.512
201.4,-2202408.277,-4664947.900,3739553.611
201.5,-2202408.325,-4664947.797,3739553.711
201.6,-2202408.372,-4664947.695,3739553.810
201.7,-2202408.420,-4664947.592,3739553.909
201.8,-2202408.467,-4664947.489,3739554.009
201.9,-2202408.515,-4664947.387,3739554.108
202.0,-2202408.562,-4664947.284,3739554.207
202.1,-2202408.610,-4664947.182,3739554.307
202.2,-2202408.657,-4664947.079,3739554.406
202.3,-2202408.705,-4664946.976,3739554.506
202.4,-2202408.752,-4664946.874,3739554.605
202.5,-2202408.800,-4664946.771,3739554.704
202.6,-2202408.847,-4664946.668,3739554.804
202.7,-2202408.895,-4664946.566,3739554.903
202.8,-2202408.942,-4664946.463,3739555.002
202.9,-2202408.990,-4664946.361,3739555.102
203.0,-2202409.037,-4664946.258,3739555.201
203.1,-2202409.085,-4664946.155,3739555.300
203.2,-2202409.132,-4664946.053,3739555.400
203.3,-2202409.180,-4664945.950,3739555.499
203.4,-2202409.227,-4664945.848,3739555.599
203.5,-2202409.275,-4664945.745,3739555.698
203.6,-2202409.323,-4664945.642,3739555.797
203.7,-2202409.370,-4664945.540,3739555.897
203.8,-2202409.418,-4664945.437,3739555.996
203.9,-2202409.465,-4664945.334,3739556.095
204.0,-2202409.513,-4664945.232,3739556.195
204.1,-2202409.560,-4664945.129,3739556.294
204.2,-2202409.608,-4664945.027,3739556.393
204.3,-2202409.655,-4664944.924,3739556.493
204.4,-2202409.703,-4664944.821,3739556.592
204.5,-2202409.750,-4664944.719,3739556.692
204.6,-2202409.798,-4664944.616,3739556.791
204.7,-2202409.845,-4664944.513,3739556.890
204.8,-2202409.893,-4664944.411,3739556.990
204.9,-2202409.940,-4664944.308,3739557.089
205.0,-2202409.988,-4664944.206,3739557.188
205.1,-2202410.035,-4664944.103,3739557.288
205.2,-2202410.083,-4664944.000,3739557.387
205.3,-2202410.130,-4664943.898,3739557.487
205.4,-2202410.178,-4664943.795,3739557.586
205.5,-2202410.225,-4664943.693,3739557.685
205.6,-2202410.273,-4664943.590,3739557.785
205.7,-2202410.320,-4664943.487,3739557.884
205.8,-2202410.368,-4664943.385,3739557.983
205.9,-2202410.415,-4664943.282,3739558.083
206.0,-2202410.463,-4664943.179,3739558.182
206.1,-2202410.510,-4664943.077,3739558.281
206.2,-2202410.558,-4664942.974,3739558.381
206.3,-2202410.605,-4664942.872,3739558.480
206.4,-2202410.653,-4664942.769,3739558.580
206.5,-2202410.701,-4664942.666,3739558.679
206.6,-2202410.748,-4664942.564,3739558.778
206.7,-2202410.796,-4664942.461,3739558.878
206.8,-2202410.843,-4664942.359,3739558.977
206.9,-2202410.891,-4664942.256,3739559.076
207.0,-2202410.938,-4664942.153,3739559.176
207.1,-2202410.986,-4664942.051,3739559.275
207.2,-2202411.033,-4664941.948,3739559.374
207.3,-2202411.081,-4664941.845,3739559.474
207.4,-2202411.128,-4664941.743,3739559.573
207.5,-2202411.176,-4664941.640,3739559.673
207.6,-2202411.223,-4664941.538,3739559.772
207.7,-2202411.271,-4664941.435,3739559.871
207.8,-2202411.318,-4664941.332,3739559.971
207.9,-2202411.366,-4664941.230,3739560.070
208.0,-2202411.413,-4664941.127,3739560.169
208.1,-2202411.461,-4664941.025,3739560.269
208.2,-2202411.508,-4664940.922,3739560.368
208.3,-2202411.556,-4664940.819,3739560.467
208.4,-2202411.603,-4664940.717,3739560.567
208.5,-2202411.651,-4664940.614,3739560.666
208.6,-2202411.698,-4664940.511,3739560.766
208.7,-2202411.746,-4664940.409,3739560.865
208.8,-2202411.793,-4664940.306,3739560.964
208.9,-2202411.841,-4664940.204,3739561.064
209.0,-2202411.888,-4664940.101,3739561.163
209.1,-2202411.936,-4664939.998,3739561.262
209.2,-2202411.983,-4664939.896,3739561.362
209.3,-2202412.031,-4664939.793,3739561.461
209.4,-2202412.078,-4664939.691,3739561.561
209.5,-2202412.126,-4664939.588,3739561.660
209.6,-2202412.174,-4664939.485,3739561.759
209.7,-2202412.221,-4664939.383,3739561.859
209.8,-2202412.269,-4664939.280,3739561.958
209.9,-2202412.316,-4664939.177,3739562.057
210.0,-2202412.364,-4664939.075,3739562.157
210.1,-2202412.411,-4664938.972,3739562.256
210.2,-2202412.459,-4664938.870,3739562.355
210.3,-2202412.506,-4664938.767,3739562.455
210.4,-2202412.554,-4664938.664,3739562.554
210.5,-2202412.601,-4664938.562,3739562.654
210.6,-2202412.649,-4664938.459,3739562.753
210.7,-2202412.696,-4664938.357,3739562.852
210.8,-2202412.744,-4664938.254,3739562.952
210.9,-2202412.791,-4664938.151,3739563.051
211.0,-2202412.839,-4664938.049,3739563.150
211.1,-2202412.886,-4664937.946,3739563.250
211.2,-2202412.934,-4664937.843,3739563.349
211.3,-2202412.981,-4664937.741,3739563.448
211.4,-2202413.029,-4664937.638,3739563.548
211.5,-2202413.076,-4664937.536,3739563.647
211.6,-2202413.124,-4664937.433,3739563.747
211.7,-2202413.171,-4664937.330,3739563.846
211.8,-2202413.219,-4664937.228,3739563.945
211.9,-2202413.266,-4664937.125,3739564.045
212.0,-2202413.314,-4664937.023,3739564.144
212.1,-2202413.361,-4664936.920,3739564.243
212.2,-2202413.409,-4664936.817,3739564.343
212.3,-2202413.456,-4664936.715,3739564.442
212.4,-2202413.504,-4664936.612,3739564.542
212.5,-2202413.552,-4664936.509,3739564.641
212.6,-2202413.599,-4664936.407,3739564.740
212.7,-2202413.647,-4664936.304,3739564.840
212.8,-2202413.694,-4664936.202,3739564.939
212.9,-2202413.742,-4664936.099,3739565.038
213.0,-2202413.789,-4664935.996,3739565.138
213.1,-2202413.837,-4664935.894,3739565.237
213.2,-2202413.884,-4664935.791,3739565.336
213.3,-2202413.932,-4664935.689,3739565.436
213.4,-2202413.979,-4664935.586,3739565.535
213.5,-2202414.027,-4664935.483,3739565.635
213.6,-2202414.074,-4664935.381,3739565.734
213.7,-2202414.122,-4664935.278,3739565.833
213.8,-2202414.169,-4664935.175,3739565.933
213.9,-2202414.217,-4664935.073,3739566.032
214.0,-2202414.264,-4664934.970,3739566.131
214.1,-2202414.312,-4664934.868,3739566.231
214.2,-2202414.359,-4664934.765,3739566.330
214.3,-2202414.407,-4664934.662,3739566.429
214.4,-2202414.454,-4664934.560,3739566.529
214.5,-2202414.502,-4664934.457,3739566.628
214.6,-2202414.549,-4664934.354,3739566.728
214.7,-2202414.597,-4664934.252,3739566.827
214.8,-2202414.644,-4664934.149,3739566.926
214.9,-2202414.692,-4664934.047,3739567.026
215.0,-2202414.739,-4664933.944,3739567.125
215.1,-2202414.787,-4664933.841,3739567.224
215.2,-2202414.834,-4664933.739,3739567.324
215.3,-2202414.882,-4664933.636,3739567.423
215.4,-2202414.930,-4664933.534,3739567.523
215.5,-2202414.977,-4664933.431,3739567.622
215.6,-2202415.025,-4664933.328,3739567.721
215.7,-2202415.072,-4664933.226,3739567.821
215.8,-2202415.120,-4664933.123,3739567.920
215.9,-2202415.167,-4664933.020,3739568.019
216.0,-2202415.215,-4664932.918,3739568.119
216.1,-2202415.262,-4664932.815,3739568.218
216.2,-2202415.310,-4664932.713,3739568.317
216.3,-2202415.357,-4664932.610,3739568.417
216.4,-2202415.405,-4664932.507,3739568.516
216.5,-2202415.452,-4664932.405,3739568.616
216.6,-2202415.500,-4664932.302,3739568.715
216.7,-2202415.547,-4664932.200,3739568.814
216.8,-2202415.595,-4664932.097,3739568.914
216.9,-2202415.642,-4664931.994,3739569.013
217.0,-2202415.690,-4664931.892,3739569.112
217.1,-2202415.737,-4664931.789,3739569.212
217.2,-2202415.785,-4664931.686,3739569.311
217.3,-2202415.832,-4664931.584,3739569.410
217.4,-2202415.880,-4664931.481,3739569.510
217.5,-2202415.927,-4664931.379,3739569.609
217.6,-2202415.975,-4664931.276,3739569.709
217.7,-2202416.022,-4664931.173,3739569.808
217.8,-2202416.070,-4664931.071,3739569.907
217.9,-2202416.117,-4664930.968,3739570.007
218.0,-2202416.165,-4664930.866,3739570.106
218.1,-2202416.212,-4664930.763,3739570.205
218.2,-2202416.260,-4664930.660,3739570.305
218.3,-2202416.307,-4664930.558,3739570.404
218.4,-2202416.355,-4664930.455,3739570.503
218.5,-2202416.403,-4664930.352,3739570.603
218.6,-2202416.450,-4664930.250,3739570.702
218.7,-2202416.498,-4664930.147,3739570.802
218.8,-2202416.545,-4664930.045,3739570.901
218.9,-2202416.593,-4664929.942,3739571.000
219.0,-2202416.640,-4664929.839,3739571.100
219.1,-2202416.688,-4664929.737,3739571.199
219.2,-2202416.735,-4664929.634,3739571.298
219.3,-2202416.783,-4664929.532,3739571.398
219.4,-2202416.830,-4664929.429,3739571.497
219.5,-2202416.878,-4664929.326,3739571.597
219.6,-2202416.925,-4664929.224,3739571.696
219.7,-2202416.973,-4664929.121,3739571.795
219.8,-2202417.020,-4664929.018,3739571.895
219.9,-2202417.068,-4664928.916,3739571.994
220.0,-2202417.115,-4664928.813,3739572.093
220.1,-2202417.163,-4664928.711,3739572.193
220.2,-2202417.210,-4664928.608,3739572.292
220.3,-2202417.258,-4664928.505,3739572.391
220.4,-2202417.305,-4664928.403,3739572.491
220.5,-2202417.353,-4664928.300,3739572.590
220.6,-2202417.400,-4664928.198,3739572.690
220.7,-2202417.448,-4664928.095,3739572.789
220.8,-2202417.495,-4664927.992,3739572.888
220.9,-2202417.543,-4664927.890,3739572.988
221.0,-2202417.590,-4664927.787,3739573.087
221.1,-2202417.638,-4664927.684,3739573.186
221.2,-2202417.685,-4664927.582,3739573.286
221.3,-2202417.733,-4664927.479,3739573.385
221.4,-2202417.781,-4664927.377,3739573.484
221.5,-2202417.828,-4664927.274,3739573.584
221.6,-2202417.876,-4664927.171,3739573.683
221.7,-2202417.923,-4664927.069,3739573.783
221.8,-2202417.971,-4664926.966,3739573.882
221.9,-2202418.018,-4664926.864,3739573.981
222.0,-2202418.066,-4664926.761,3739574.081
222.1,-2202418.113,-4664926.658,3739574.180
222.2,-2202418.161,-4664926.556,3739574.279
222.3,-2202418.208,-4664926.453,3739574.379
222.4,-2202418.256,-4664926.350,3739574.478
222.5,-2202418.303,-4664926.248,3739574.578
222.6,-2202418.351,-4664926.145,3739574.677
222.7,-2202418.398,-4664926.043,3739574.776
222.8,-2202418.446,-4664925.940,3739574.876
222.9,-2202418.493,-4664925.837,3739574.975
223.0,-2202418.541,-4664925.735,3739575.074
223.1,-2202418.588,-4664925.632,3739575.174
223.2,-2202418.636,-4664925.530,3739575.273
223.3,-2202418.683,-4664925.427,3739575.372
223.4,-2202418.731,-4664925.324,3739575.472
223.5,-2202418.778,-4664925.222,3739575.571
223.6,-2202418.826,-4664925.119,3739575.671
223.7,-2202418.873,-4664925.016,3739575.770
223.8,-2202418.921,-4664924.914,3739575.869
223.9,-2202418.968,-4664924.811,3739575.969
224.0,-2202419.016,-4664924.709,3739576.068
224.1,-2202419.063,-4664924.606,3739576.167
224.2,-2202419.111,-4664924.503,3739576.267
224.3,-2202419.159,-4664924.401,3739576.366
224.4,-2202419.206,-4664924.298,3739576.465
224.5,-2202419.254,-4664924.196,3739576.565
224.6,-2202419.301,-4664924.093,3739576.664
224.7,-2202419.349,-4664923.990,3739576.764
224.8,-2202419.396,-4664923.888,3739576.863
224.9,-2202419.444,-4664923.785,3739576.962
225.0,-2202419.491,-4664923.682,3739577.062
225.1,-2202419.539,-4664923.580,3739577.161
225.2,-2202419.586,-4664923.477,3739577.260
225.3,-2202419.634,-4664923.375,3739577.360
225.4,-2202419.681,-4664923.272,3739577.459
225.5,-2202419.729,-4664923.169,3739577.558
225.6,-2202419.776,-4664923.067,3739577.658
225.7,-2202419.824,-4664922.964,3739577.757
225.8,-2202419.871,-4664922.861,3739577.857
225.9,-2202419.919,-4664922.759,3739577.956
226.0,-2202419.966,-4664922.656,3739578.055
226.1,-2202420.014,-4664922.554,3739578.155
226.2,-2202420.061,-4664922.451,3739578.254
226.3,-2202420.109,-4664922.348,3739578.353
226.4,-2202420.156,-4664922.246,3739578.453
226.5,-2202420.204,-4664922.143,3739578.552
226.6,-2202420.251,-4664922.041,3739578.652
226.7,-2202420.299,-4664921.938,3739578.751
226.8,-2202420.346,-4664921.835,3739578.850
226.9,-2202420.394,-4664921.733,3739578.950
227.0,-2202420.441,-4664921.630,3739579.049
227.1,-2202420.489,-4664921.527,3739579.148
227.2,-2202420.536,-4664921.425,3739579.248
227.3,-2202420.584,-4664921.322,3739579.347
227.4,-2202420.632,-4664921.220,3739579.446
227.5,-2202420.679,-4664921.117,3739579.546
227.6,-2202420.727,-4664921.014,3739579.645
227.7,-2202420.774,-4664920.912,3739579.745
227.8,-2202420.822,-4664920.809,3739579.844
227.9,-2202420.869,-4664920.707,3739579.943
228.0,-2202420.917,-4664920.604,3739580.043
228.1,-2202420.964,-4664920.501,3739580.142
228.2,-2202421.012,-4664920.399,3739580.241
228.3,-2202421.059,-4664920.296,3739580.341
228.4,-2202421.107,-4664920.193,3739580.440
228.5,-2202421.154,-4664920.091,3739580.539
228.6,-2202421.202,-4664919.988,3739580.639
228.7,-2202421.249,-4664919.886,3739580.738
228.8,-2202421.297,-4664919.783,3739580.838
228.9,-2202421.344,-4664919.680,3739580.937
229.0,-2202421.392,-4664919.578,3739581.036
229.1,-2202421.439,-4664919.475,3739581.136
229.2,-2202421.487,-4664919.373,3739581.235
229.3,-2202421.534,-4664919.270,3739581.334
229.4,-2202421.582,-4664919.167,3739581.434
229.5,-2202421.629,-4664919.065,3739581.533
229.6,-2202421.677,-4664918.962,3739581.633
229.7,-2202421.724,-4664918.859,3739581.732
229.8,-2202421.772,-4664918.757,3739581.831
229.9,-2202421.819,-4664918.654,3739581.931
230.0,-2202421.867,-4664918.552,3739582.030
230.1,-2202421.914,-4664918.449,3739582.129
230.2,-2202421.962,-4664918.346,3739582.229
230.3,-2202422.010,-4664918.244,3739582.328
230.4,-2202422.057,-4664918.141,3739582.427
230.5,-2202422.105,-4664918.039,3739582.527
230.6,-2202422.152,-4664917.936,3739582.626
230.7,-2202422.200,-4664917.833,3739582.726
230.8,-2202422.247,-4664917.731,3739582.825
230.9,-2202422.295,-4664917.628,3739582.924
231.0,-2202422.342,-4664917.525,3739583.024
231.1,-2202422.390,-4664917.423,3739583.123
231.2,-2202422.437,-4664917.320,3739583.222
231.3,-2202422.485,-4664917.218,3739583.322
231.4,-2202422.532,-4664917.115,3739583.421
231.5,-2202422.580,-4664917.012,3739583.520
231.6,-2202422.627,-4664916.910,3739583.620
231.7,-2202422.675,-4664916.807,3739583.719
231.8,-2202422.722,-4664916.705,3739583.819
231.9,-2202422.770,-4664916.602,3739583.918
232.0,-2202422.817,-4664916.499,3739584.017
232.1,-2202422.865,-4664916.397,3739584.117
232.2,-2202422.912,-4664916.294,3739584.216
232.3,-2202422.960,-4664916.191,3739584.315
232.4,-2202423.007,-4664916.089,3739584.415
232.5,-2202423.055,-4664915.986,3739584.514
232.6,-2202423.102,-4664915.884,3739584.614
232.7,-2202423.150,-4664915.781,3739584.713
232.8,-2202423.197,-4664915.678,3739584.812
232.9,-2202423.245,-4664915.576,3739584.912
233.0,-2202423.292,-4664915.473,3739585.011
233.1,-2202423.340,-4664915.371,3739585.110
233.2,-2202423.388,-4664915.268,3739585.210
233.3,-2202423.435,-4664915.165,3739585.309
233.4,-2202423.483,-4664915.063,3739585.408
233.5,-2202423.530,-4664914.960,3739585.508
233.6,-2202423.578,-4664914.857,3739585.607
233.7,-2202423.625,-4664914.755,3739585.707
233.8,-2202423.673,-4664914.652,3739585.806
233.9,-2202423.720,-4664914.550,3739585.905
234.0,-2202423.768,-4664914.447,3739586.005
234.1,-2202423.815,-4664914.344,3739586.104
234.2,-2202423.863,-4664914.242,3739586.203
234.3,-2202423.910,-4664914.139,3739586.303
234.4,-2202423.958,-4664914.037,3739586.402
234.5,-2202424.005,-4664913.934,3739586.501
234.6,-2202424.053,-4664913.831,3739586.601
234.7,-2202424.100,-4664913.729,3739586.700
234.8,-2202424.148,-4664913.626,3739586.800
234.9,-2202424.195,-4664913.523,3739586.899
235.0,-2202424.243,-4664913.421,3739586.998
235.1,-2202424.290,-4664913.318,3739587.098
235.2,-2202424.338,-4664913.216,3739587.197
235.3,-2202424.385,-4664913.113,3739587.296
235.4,-2202424.433,-4664913.010,3739587.396
235.5,-2202424.480,-4664912.908,3739587.495
235.6,-2202424.528,-4664912.805,3739587.594
235.7,-2202424.575,-4664912.703,3739587.694
235.8,-2202424.623,-4664912.600,3739587.793
235.9,-2202424.670,-4664912.497,3739587.893
236.0,-2202424.718,-4664912.395,3739587.992
236.1,-2202424.765,-4664912.292,3739588.091
236.2,-2202424.813,-4664912.189,3739588.191
236.3,-2202424.861,-4664912.087,3739588.290
236.4,-2202424.908,-4664911.984,3739588.389
236.5,-2202424.956,-4664911.882,3739588.489
236.6,-2202425.003,-4664911.779,3739588.588
236.7,-2202425.051,-4664911.676,3739588.688
236.8,-2202425.098,-4664911.574,3739588.787
236.9,-2202425.146,-4664911.471,3739588.886
237.0,-2202425.193,-4664911.368,3739588.986
237.1,-2202425.241,-4664911.266,3739589.085
237.2,-2202425.288,-4664911.163,3739589.184
237.3,-2202425.336,-4664911.061,3739589.284
237.4,-2202425.383,-4664910.958,3739589.383
237.5,-2202425.431,-4664910.855,3739589.482
237.6,-2202425.478,-4664910.753,3739589.582
237.7,-2202425.526,-4664910.650,3739589.681
237.8,-2202425.573,-4664910.548,3739589.781
237.9,-2202425.621,-4664910.445,3739589.880
238.0,-2202425.668,-4664910.342,3739589.979
238.1,-2202425.716,-4664910.240,3739590.079
238.2,-2202425.763,-4664910.137,3739590.178
238.3,-2202425.811,-4664910.034,3739590.277
238.4,-2202425.858,-4664909.932,3739590.377
238.5,-2202425.906,-4664909.829,3739590.476
238.6,-2202425.953,-4664909.727,3739590.575
238.7,-2202426.001,-4664909.624,3739590.675
238.8,-2202426.048,-4664909.521,3739590.774
238.9,-2202426.096,-4664909.419,3739590.874
239.0,-2202426.143,-4664909.316,3739590.973
239.1,-2202426.191,-4664909.214,3739591.072
239.2,-2202426.239,-4664909.111,3739591.172
239.3,-2202426.286,-4664909.008,3739591.271
239.4,-2202426.334,-4664908.906,3739591.370
239.5,-2202426.381,-4664908.803,3739591.470
239.6,-2202426.429,-4664908.700,3739591.569
239.7,-2202426.476,-4664908.598,3739591.669
239.8,-2202426.524,-4664908.495,3739591.768
239.9,-2202426.571,-4664908.393,3739591.867
240.0,-2202426.619,-4664908.290,3739591.967
240.1,-2202426.666,-4664908.187,3739592.066
240.2,-2202426.714,-4664908.085,3739592.165
240.3,-2202426.761,-4664907.982,3739592.265
240.4,-2202426.809,-4664907.880,3739592.364
240.5,-2202426.856,-4664907.777,3739592.463
240.6,-2202426.904,-4664907.674,3739592.563
240.7,-2202426.951,-4664907.572,3739592.662
240.8,-2202426.999,-4664907.469,3739592.762
240.9,-2202427.046,-4664907.366,3739592.861
241.0,-2202427.094,-4664907.264,3739592.960
241.1,-2202427.141,-4664907.161,3739593.060
241.2,-2202427.189,-4664907.059,3739593.159
241.3,-2202427.236,-4664906.956,3739593.258
241.4,-2202427.284,-4664906.853,3739593.358
241.5,-2202427.331,-4664906.751,3739593.457
241.6,-2202427.379,-4664906.648,3739593.556
241.7,-2202427.426,-4664906.546,3739593.656
241.8,-2202427.474,-4664906.443,3739593.755
241.9,-2202427.521,-4664906.340,3739593.855
242.0,-2202427.569,-4664906.238,3739593.954
242.1,-2202427.617,-4664906.135,3739594.053
242.2,-2202427.664,-4664906.032,3739594.153
242.3,-2202427.712,-4664905.930,3739594.252
242.4,-2202427.759,-4664905.827,3739594.351
242.5,-2202427.807,-4664905.725,3739594.451
242.6,-2202427.854,-4664905.622,3739594.550
242.7,-2202427.902,-4664905.519,3739594.649
242.8,-2202427.949,-4664905.417,3739594.749
242.9,-2202427.997,-4664905.314,3739594.848
243.0,-2202428.044,-4664905.212,3739594.948
243.1,-2202428.092,-4664905.109,3739595.047
243.2,-2202428.139,-4664905.006,3739595.146
243.3,-2202428.187,-4664904.904,3739595.246
243.4,-2202428.234,-4664904.801,3739595.345
243.5,-2202428.282,-4664904.698,3739595.444
243.6,-2202428.329,-4664904.596,3739595.544
243.7,-2202428.377,-4664904.493,3739595.643
243.8,-2202428.424,-4664904.391,3739595.743
243.9,-2202428.472,-4664904.288,3739595.842
244.0,-2202428.519,-4664904.185,3739595.941
244.1,-2202428.567,-4664904.083,3739596.041
244.2,-2202428.614,-4664903.980,3739596.140
244.3,-2202428.662,-4664903.878,3739596.239
244.4,-2202428.709,-4664903.775,3739596.339
244.5,-2202428.757,-4664903.672,3739596.438
244.6,-2202428.804,-4664903.570,3739596.537
244.7,-2202428.852,-4664903.467,3739596.637
244.8,-2202428.899,-4664903.364,3739596.736
244.9,-2202428.947,-4664903.262,3739596.836
245.0,-2202428.994,-4664903.159,3739596.935
245.1,-2202429.042,-4664903.057,3739597.034
245.2,-2202429.090,-4664902.954,3739597.134
245.3,-2202429.137,-4664902.851,3739597.233
245.4,-2202429.185,-4664902.749,3739597.332
245.5,-2202429.232,-4664902.646,3739597.432
245.6,-2202429.280,-4664902.544,3739597.531
245.7,-2202429.327,-4664902.441,3739597.630
245.8,-2202429.375,-4664902.338,3739597.730
245.9,-2202429.422,-4664902.236,3739597.829
246.0,-2202429.470,-4664902.133,3739597.929
246.1,-2202429.517,-4664902.030,3739598.028
246.2,-2202429.565,-4664901.928,3739598.127
246.3,-2202429.612,-4664901.825,3739598.227
246.4,-2202429.660,-4664901.723,3739598.326
246.5,-2202429.707,-4664901.620,3739598.425
246.6,-2202429.755,-4664901.517,3739598.525
246.7,-2202429.802,-4664901.415,3739598.624
246.8,-2202429.850,-4664901.312,3739598.724
246.9,-2202429.897,-4664901.210,3739598.823
247.0,-2202429.945,-4664901.107,3739598.922
247.1,-2202429.992,-4664901.004,3739599.022
247.2,-2202430.040,-4664900.902,3739599.121
247.3,-2202430.087,-4664900.799,3739599.220
247.4,-2202430.135,-4664900.696,3739599.320
247.5,-2202430.182,-4664900.594,3739599.419
247.6,-2202430.230,-4664900.491,3739599.518
247.7,-2202430.277,-4664900.389,3739599.618
247.8,-2202430.325,-4664900.286,3739599.717
247.9,-2202430.372,-4664900.183,3739599.817
248.0,-2202430.420,-4664900.081,3739599.916
248.1,-2202430.468,-4664899.978,3739600.015
248.2,-2202430.515,-4664899.875,3739600.115
248.3,-2202430.563,-4664899.773,3739600.214
248.4,-2202430.610,-4664899.670,3739600.313
248.5,-2202430.658,-4664899.568,3739600.413
248.6,-2202430.705,-4664899.465,3739600.512
248.7,-2202430.753,-4664899.362,3739600.611
248.8,-2202430.800,-4664899.260,3739600.711
248.9,-2202430.848,-4664899.157,3739600.810
249.0,-2202430.895,-4664899.055,3739600.910
249.1,-2202430.943,-4664898.952,3739601.009
249.2,-2202430.990,-4664898.849,3739601.108
249.3,-2202431.038,-4664898.747,3739601.208
249.4,-2202431.085,-4664898.644,3739601.307
249.5,-2202431.133,-4664898.541,3739601.406
249.6,-2202431.180,-4664898.439,3739601.506
249.7,-2202431.228,-4664898.336,3739601.605
249.8,-2202431.275,-4664898.234,3739601.705
249.9,-2202431.323,-4664898.131,3739601.804
250.0,-2202431.370,-4664898.028,3739601.903
250.1,-2202431.418,-4664897.926,3739602.003
250.2,-2202431.465,-4664897.823,3739602.102
250.3,-2202431.513,-4664897.721,3739602.201
250.4,-2202431.560,-4664897.618,3739602.301
250.5,-2202431.608,-4664897.515,3739602.400
250.6,-2202431.655,-4664897.413,3739602.499
250.7,-2202431.703,-4664897.310,3739602.599
250.8,-2202431.750,-4664897.207,3739602.698
250.9,-2202431.798,-4664897.105,3739602.798
251.0,-2202431.846,-4664897.002,3739602.897
251.1,-2202431.893,-4664896.900,3739602.996
251.2,-2202431.941,-4664896.797,3739603.096
251.3,-2202431.988,-4664896.694,3739603.195
251.4,-2202432.036,-4664896.592,3739603.294
251.5,-2202432.083,-4664896.489,3739603.394
251.6,-2202432.131,-4664896.387,3739603.493
251.7,-2202432.178,-4664896.284,3739603.592
251.8,-2202432.226,-4664896.181,3739603.692
251.9,-2202432.273,-4664896.079,3739603.791
252.0,-2202432.321,-4664895.976,3739603.891
252.1,-2202432.368,-4664895.873,3739603.990
252.2,-2202432.416,-4664895.771,3739604.089
252.3,-2202432.463,-4664895.668,3739604.189
252.4,-2202432.511,-4664895.566,3739604.288
252.5,-2202432.558,-4664895.463,3739604.387
252.6,-2202432.606,-4664895.360,3739604.487
252.7,-2202432.653,-4664895.258,3739604.586
252.8,-2202432.701,-4664895.155,3739604.685
252.9,-2202432.748,-4664895.053,3739604.785
253.0,-2202432.796,-4664894.950,3739604.884
253.1,-2202432.843,-4664894.847,3739604.984
253.2,-2202432.891,-4664894.745,3739605.083
253.3,-2202432.938,-4664894.642,3739605.182
253.4,-2202432.986,-4664894.539,3739605.282
253.5,-2202433.033,-4664894.437,3739605.381
253.6,-2202433.081,-4664894.334,3739605.480
253.7,-2202433.128,-4664894.232,3739605.580
253.8,-2202433.176,-4664894.129,3739605.679
253.9,-2202433.223,-4664894.026,3739605.779
254.0,-2202433.271,-4664893.924,3739605.878
254.1,-2202433.319,-4664893.821,3739605.977
254.2,-2202433.366,-4664893.719,3739606.077
254.3,-2202433.414,-4664893.616,3739606.176
254.4,-2202433.461,-4664893.513,3739606.275
254.5,-2202433.509,-4664893.411,3739606.375
254.6,-2202433.556,-4664893.308,3739606.474
254.7,-2202433.604,-4664893.205,3739606.573
254.8,-2202433.651,-4664893.103,3739606.673
254.9,-2202433.699,-4664893.000,3739606.772
255.0,-2202433.746,-4664892.898,3739606.872
255.1,-2202433.794,-4664892.795,3739606.971
255.2,-2202433.841,-4664892.692,3739607.070
255.3,-2202433.889,-4664892.590,3739607.170
255.4,-2202433.936,-4664892.487,3739607.269
255.5,-2202433.984,-4664892.385,3739607.368
255.6,-2202434.031,-4664892.282,3739607.468
255.7,-2202434.079,-4664892.179,3739607.567
255.8,-2202434.126,-4664892.077,3739607.666
255.9,-2202434.174,-4664891.974,3739607.766
256.0,-2202434.221,-4664891.871,3739607.865
256.1,-2202434.269,-4664891.769,3739607.965
256.2,-2202434.316,-4664891.666,3739608.064
256.3,-2202434.364,-4664891.564,3739608.163
256.4,-2202434.411,-4664891.461,3739608.263
256.5,-2202434.459,-4664891.358,3739608.362
256.6,-2202434.506,-4664891.256,3739608.461
256.7,-2202434.554,-4664891.153,3739608.561
256.8,-2202434.601,-4664891.051,3739608.660
256.9,-2202434.649,-4664890.948,3739608.760
257.0,-2202434.697,-4664890.845,3739608.859
257.1,-2202434.744,-4664890.743,3739608.958
257.2,-2202434.792,-4664890.640,3739609.058
257.3,-2202434.839,-4664890.537,3739609.157
257.4,-2202434.887,-4664890.435,3739609.256
257.5,-2202434.934,-4664890.332,3739609.356
257.6,-2202434.982,-4664890.230,3739609.455
257.7,-2202435.029,-4664890.127,3739609.554
257.8,-2202435.077,-4664890.024,3739609.654
257.9,-2202435.124,-4664889.922,3739609.753
258.0,-2202435.172,-4664889.819,3739609.853
258.1,-2202435.219,-4664889.717,3739609.952
258.2,-2202435.267,-4664889.614,3739610.051
258.3,-2202435.314,-4664889.511,3739610.151
258.4,-2202435.362,-4664889.409,3739610.250
258.5,-2202435.409,-4664889.306,3739610.349
258.6,-2202435.457,-4664889.203,3739610.449
258.7,-2202435.504,-4664889.101,3739610.548
258.8,-2202435.552,-4664888.998,3739610.647
258.9,-2202435.599,-4664888.896,3739610.747
259.0,-2202435.647,-4664888.793,3739610.846
259.1,-2202435.694,-4664888.690,3739610.946
259.2,-2202435.742,-4664888.588,3739611.045
259.3,-2202435.789,-4664888.485,3739611.144
259.4,-2202435.837,-4664888.382,3739611.244
259.5,-2202435.884,-4664888.280,3739611.343
259.6,-2202435.932,-4664888.177,3739611.442
259.7,-2202435.979,-4664888.075,3739611.542
259.8,-2202436.027,-4664887.972,3739611.641
259.9,-2202436.075,-4664887.869,3739611.740
260.0,-2202436.122,-4664887.767,3739611.840
260.1,-2202436.170,-4664887.664,3739611.939
260.2,-2202436.217,-4664887.562,3739612.039
260.3,-2202436.265,-4664887.459,3739612.138
260.4,-2202436.312,-4664887.356,3739612.237
260.5,-2202436.360,-4664887.254,3739612.337
260.6,-2202436.407,-4664887.151,3739612.436
260.7,-2202436.455,-4664887.048,3739612.535
260.8,-2202436.502,-4664886.946,3739612.635
260.9,-2202436.550,-4664886.843,3739612.734
261.0,-2202436.597,-4664886.741,3739612.834
261.1,-2202436.645,-4664886.638,3739612.933
261.2,-2202436.692,-4664886.535,3739613.032
261.3,-2202436.740,-4664886.433,3739613.132
261.4,-2202436.787,-4664886.330,3739613.231
261.5,-2202436.835,-4664886.228,3739613.330
261.6,-2202436.882,-4664886.125,3739613.430
261.7,-2202436.930,-4664886.022,3739613.529
261.8,-2202436.977,-4664885.920,3739613.628
261.9,-2202437.025,-4664885.817,3739613.728
262.0,-2202437.072,-4664885.714,3739613.827
262.1,-2202437.120,-4664885.612,3739613.927
262.2,-2202437.167,-4664885.509,3739614.026
262.3,-2202437.215,-4664885.407,3739614.125
262.4,-2202437.262,-4664885.304,3739614.225
262.5,-2202437.310,-4664885.201,3739614.324
262.6,-2202437.357,-4664885.099,3739614.423
262.7,-2202437.405,-4664884.996,3739614.523
262.8,-2202437.452,-4664884.894,3739614.622
262.9,-2202437.500,-4664884.791,3739614.721
263.0,-2202437.548,-4664884.688,3739614.821
263.1,-2202437.595,-4664884.586,3739614.920
263.2,-2202437.643,-4664884.483,3739615.020
263.3,-2202437.690,-4664884.380,3739615.119
263.4,-2202437.738,-4664884.278,3739615.218
263.5,-2202437.785,-4664884.175,3739615.318
263.6,-2202437.833,-4664884.073,3739615.417
263.7,-2202437.880,-4664883.970,3739615.516
263.8,-2202437.928,-4664883.867,3739615.616
263.9,-2202437.975,-4664883.765,3739615.715
264.0,-2202438.023,-4664883.662,3739615.815
264.1,-2202438.070,-4664883.560,3739615.914
264.2,-2202438.118,-4664883.457,3739616.013
264.3,-2202438.165,-4664883.354,3739616.113
264.4,-2202438.213,-4664883.252,3739616.212
264.5,-2202438.260,-4664883.149,3739616.311
264.6,-2202438.308,-4664883.046,3739616.411
264.7,-2202438.355,-4664882.944,3739616.510
264.8,-2202438.403,-4664882.841,3739616.609
264.9,-2202438.450,-4664882.739,3739616.709
265.0,-2202438.498,-4664882.636,3739616.808
265.1,-2202438.545,-4664882.533,3739616.908
265.2,-2202438.593,-4664882.431,3739617.007
265.3,-2202438.640,-4664882.328,3739617.106
265.4,-2202438.688,-4664882.226,3739617.206
265.5,-2202438.735,-4664882.123,3739617.305
265.6,-2202438.783,-4664882.020,3739617.404
265.7,-2202438.830,-4664881.918,3739617.504
265.8,-2202438.878,-4664881.815,3739617.603
265.9,-2202438.926,-4664881.712,3739617.702
266.0,-2202438.973,-4664881.610,3739617.802
266.1,-2202439.021,-4664881.507,3739617.901
266.2,-2202439.068,-4664881.405,3739618.001
266.3,-2202439.116,-4664881.302,3739618.100
266.4,-2202439.163,-4664881.199,3739618.199
266.5,-2202439.211,-4664881.097,3739618.299
266.6,-2202439.258,-4664880.994,3739618.398
266.7,-2202439.306,-4664880.892,3739618.497
266.8,-2202439.353,-4664880.789,3739618.597
266.9,-2202439.401,-4664880.686,3739618.696
267.0,-2202439.448,-4664880.584,3739618.796
267.1,-2202439.496,-4664880.481,3739618.895
267.2,-2202439.543,-4664880.378,3739618.994
267.3,-2202439.591,-4664880.276,3739619.094
267.4,-2202439.638,-4664880.173,3739619.193
267.5,-2202439.686,-4664880.071,3739619.292
267.6,-2202439.733,-4664879.968,3739619.392
267.7,-2202439.781,-4664879.865,3739619.491
267.8,-2202439.828,-4664879.763,3739619.590
267.9,-2202439.876,-4664879.660,3739619.690
268.0,-2202439.923,-4664879.558,3739619.789
268.1,-2202439.971,-4664879.455,3739619.889
268.2,-2202440.018,-4664879.352,3739619.988
268.3,-2202440.066,-4664879.250,3739620.087
268.4,-2202440.113,-4664879.147,3739620.187
268.5,-2202440.161,-4664879.044,3739620.286
268.6,-2202440.208,-4664878.942,3739620.385
268.7,-2202440.256,-4664878.839,3739620.485
268.8,-2202440.304,-4664878.737,3739620.584
268.9,-2202440.351,-4664878.634,3739620.683
269.0,-2202440.399,-4664878.531,3739620.783
269.1,-2202440.446,-4664878.429,3739620.882
269.2,-2202440.494,-4664878.326,3739620.982
269.3,-2202440.541,-4664878.224,3739621.081
269.4,-2202440.589,-4664878.121,3739621.180
269.5,-2202440.636,-4664878.018,3739621.280
269.6,-2202440.684,-4664877.916,3739621.379
269.7,-2202440.731,-4664877.813,3739621.478
269.8,-2202440.779,-4664877.710,3739621.578
269.9,-2202440.826,-4664877.608,3739621.677
270.0,-2202440.874,-4664877.505,3739621.776
270.1,-2202440.921,-4664877.403,3739621.876
270.2,-2202440.969,-4664877.300,3739621.975
270.3,-2202441.016,-4664877.197,3739622.075
270.4,-2202441.064,-4664877.095,3739622.174
270.5,-2202441.111,-4664876.992,3739622.273
270.6,-2202441.159,-4664876.889,3739622.373
270.7,-2202441.206,-4664876.787,3739622.472
270.8,-2202441.254,-4664876.684,3739622.571
270.9,-2202441.301,-4664876.582,3739622.671
271.0,-2202441.349,-4664876.479,3739622.770
271.1,-2202441.396,-4664876.376,3739622.870
271.2,-2202441.444,-4664876.274,3739622.969
271.3,-2202441.491,-4664876.171,3739623.068
271.4,-2202441.539,-4664876.069,3739623.168
271.5,-2202441.586,-4664875.966,3739623.267
271.6,-2202441.634,-4664875.863,3739623.366
271.7,-2202441.681,-4664875.761,3739623.466
271.8,-2202441.729,-4664875.658,3739623.565
271.9,-2202441.777,-4664875.555,3739623.664
272.0,-2202441.824,-4664875.453,3739623.764
272.1,-2202441.872,-4664875.350,3739623.863
272.2,-2202441.919,-4664875.248,3739623.963
272.3,-2202441.967,-4664875.145,3739624.062
272.4,-2202442.014,-4664875.042,3739624.161
272.5,-2202442.062,-4664874.940,3739624.261
272.6,-2202442.109,-4664874.837,3739624.360
272.7,-2202442.157,-4664874.735,3739624.459
272.8,-2202442.204,-4664874.632,3739624.559
272.9,-2202442.252,-4664874.529,3739624.658
273.0,-2202442.299,-4664874.427,3739624.757
273.1,-2202442.347,-4664874.324,3739624.857
273.2,-2202442.394,-4664874.221,3739624.956
273.3,-2202442.442,-4664874.119,3739625.056
273.4,-2202442.489,-4664874.016,3739625.155
273.5,-2202442.537,-4664873.914,3739625.254
273.6,-2202442.584,-4664873.811,3739625.354
273.7,-2202442.632,-4664873.708,3739625.453
273.8,-2202442.679,-4664873.606,3739625.552
273.9,-2202442.727,-4664873.503,3739625.652
274.0,-2202442.774,-4664873.401,3739625.751
274.1,-2202442.822,-4664873.298,3739625.851
274.2,-2202442.869,-4664873.195,3739625.950
274.3,-2202442.917,-4664873.093,3739626.049
274.4,-2202442.964,-4664872.990,3739626.149
274.5,-2202443.012,-4664872.887,3739626.248
274.6,-2202443.059,-4664872.785,3739626.347
274.7,-2202443.107,-4664872.682,3739626.447
274.8,-2202443.155,-4664872.580,3739626.546
274.9,-2202443.202,-4664872.477,3739626.645
275.0,-2202443.250,-4664872.374,3739626.745
275.1,-2202443.297,-4664872.272,3739626.844
275.2,-2202443.345,-4664872.169,3739626.944
275.3,-2202443.392,-4664872.067,3739627.043
275.4,-2202443.440,-4664871.964,3739627.142
275.5,-2202443.487,-4664871.861,3739627.242
275.6,-2202443.535,-4664871.759,3739627.341
275.7,-2202443.582,-4664871.656,3739627.440
275.8,-2202443.630,-4664871.553,3739627.540
275.9,-2202443.677,-4664871.451,3739627.639
276.0,-2202443.725,-4664871.348,3739627.738
276.1,-2202443.772,-4664871.246,3739627.838
276.2,-2202443.820,-4664871.143,3739627.937
276.3,-2202443.867,-4664871.040,3739628.037
276.4,-2202443.915,-4664870.938,3739628.136
276.5,-2202443.962,-4664870.835,3739628.235
276.6,-2202444.010,-4664870.733,3739628.335
276.7,-2202444.057,-4664870.630,3739628.434
276.8,-2202444.105,-4664870.527,3739628.533
276.9,-2202444.152,-4664870.425,3739628.633
277.0,-2202444.200,-4664870.322,3739628.732
277.1,-2202444.247,-4664870.219,3739628.831
277.2,-2202444.295,-4664870.117,3739628.931
277.3,-2202444.342,-4664870.014,3739629.030
277.4,-2202444.390,-4664869.912,3739629.130
277.5,-2202444.437,-4664869.809,3739629.229
277.6,-2202444.485,-4664869.706,3739629.328
277.7,-2202444.533,-4664869.604,3739629.428
277.8,-2202444.580,-4664869.501,3739629.527
277.9,-2202444.628,-4664869.399,3739629.626
278.0,-2202444.675,-4664869.296,3739629.726
278.1,-2202444.723,-4664869.193,3739629.825
278.2,-2202444.770,-4664869.091,3739629.925
278.3,-2202444.818,-4664868.988,3739630.024
278.4,-2202444.865,-4664868.885,3739630.123
278.5,-2202444.913,-4664868.783,3739630.223
278.6,-2202444.960,-4664868.680,3739630.322
278.7,-2202445.008,-4664868.578,3739630.421
278.8,-2202445.055,-4664868.475,3739630.521
278.9,-2202445.103,-4664868.372,3739630.620
279.0,-2202445.150,-4664868.270,3739630.719
279.1,-2202445.198,-4664868.167,3739630.819
279.2,-2202445.245,-4664868.065,3739630.918
279.3,-2202445.293,-4664867.962,3739631.018
279.4,-2202445.340,-4664867.859,3739631.117
279.5,-2202445.388,-4664867.757,3739631.216
279.6,-2202445.435,-4664867.654,3739631.316
279.7,-2202445.483,-4664867.551,3739631.415
279.8,-2202445.530,-4664867.449,3739631.514
279.9,-2202445.578,-4664867.346,3739631.614
280.0,-2202445.625,-4664867.244,3739631.713
280.1,-2202445.673,-4664867.141,3739631.812
280.2,-2202445.720,-4664867.038,3739631.912
280.3,-2202445.768,-4664866.936,3739632.011
280.4,-2202445.815,-4664866.833,3739632.111
280.5,-2202445.863,-4664866.731,3739632.210
280.6,-2202445.910,-4664866.628,3739632.309
280.7,-2202445.958,-4664866.525,3739632.409
280.8,-2202446.006,-4664866.423,3739632.508
280.9,-2202446.053,-4664866.320,3739632.607
281.0,-2202446.101,-4664866.217,3739632.707
281.1,-2202446.148,-4664866.115,3739632.806
281.2,-2202446.196,-4664866.012,3739632.906
281.3,-2202446.243,-4664865.910,3739633.005
281.4,-2202446.291,-4664865.807,3739633.104
281.5,-2202446.338,-4664865.704,3739633.204
281.6,-2202446.386,-4664865.602,3739633.303
281.7,-2202446.433,-4664865.499,3739633.402
281.8,-2202446.481,-4664865.396,3739633.502
281.9,-2202446.528,-4664865.294,3739633.601
282.0,-2202446.576,-4664865.191,3739633.700
282.1,-2202446.623,-4664865.089,3739633.800
282.2,-2202446.671,-4664864.986,3739633.899
282.3,-2202446.718,-4664864.883,3739633.999
282.4,-2202446.766,-4664864.781,3739634.098
282.5,-2202446.813,-4664864.678,3739634.197
282.6,-2202446.861,-4664864.576,3739634.297
282.7,-2202446.908,-4664864.473,3739634.396
282.8,-2202446.956,-4664864.370,3739634.495
282.9,-2202447.003,-4664864.268,3739634.595
283.0,-2202447.051,-4664864.165,3739634.694
283.1,-2202447.098,-4664864.062,3739634.793
283.2,-2202447.146,-4664863.960,3739634.893
283.3,-2202447.193,-4664863.857,3739634.992
283.4,-2202447.241,-4664863.755,3739635.092
283.5,-2202447.288,-4664863.652,3739635.191
283.6,-2202447.336,-4664863.549,3739635.290
283.7,-2202447.384,-4664863.447,3739635.390
283.8,-2202447.431,-4664863.344,3739635.489
283.9,-2202447.479,-4664863.242,3739635.588
284.0,-2202447.526,-4664863.139,3739635.688
284.1,-2202447.574,-4664863.036,3739635.787
284.2,-2202447.621,-4664862.934,3739635.887
284.3,-2202447.669,-4664862.831,3739635.986
284.4,-2202447.716,-4664862.728,3739636.085
284.5,-2202447.764,-4664862.626,3739636.185
284.6,-2202447.811,-4664862.523,3739636.284
284.7,-2202447.859,-4664862.421,3739636.383
284.8,-2202447.906,-4664862.318,3739636.483
284.9,-2202447.954,-4664862.215,3739636.582
285.0,-2202448.001,-4664862.113,3739636.681
285.1,-2202448.049,-4664862.010,3739636.781
285.2,-2202448.096,-4664861.908,3739636.880
285.3,-2202448.144,-4664861.805,3739636.980
285.4,-2202448.191,-4664861.702,3739637.079
285.5,-2202448.239,-4664861.600,3739637.178
285.6,-2202448.286,-4664861.497,3739637.278
285.7,-2202448.334,-4664861.394,3739637.377
285.8,-2202448.381,-4664861.292,3739637.476
285.9,-2202448.429,-4664861.189,3739637.576
286.0,-2202448.476,-4664861.087,3739637.675
286.1,-2202448.524,-4664860.984,3739637.774
286.2,-2202448.571,-4664860.881,3739637.874
286.3,-2202448.619,-4664860.779,3739637.973
286.4,-2202448.666,-4664860.676,3739638.073
286.5,-2202448.714,-4664860.574,3739638.172
286.6,-2202448.762,-4664860.471,3739638.271
286.7,-2202448.809,-4664860.368,3739638.371
286.8,-2202448.857,-4664860.266,3739638.470
286.9,-2202448.904,-4664860.163,3739638.569
287.0,-2202448.952,-4664860.060,3739638.669
287.1,-2202448.999,-4664859.958,3739638.768
287.2,-2202449.047,-4664859.855,3739638.867
287.3,-2202449.094,-4664859.753,3739638.967
287.4,-2202449.142,-4664859.650,3739639.066
287.5,-2202449.189,-4664859.547,3739639.166
287.6,-2202449.237,-4664859.445,3739639.265
287.7,-2202449.284,-4664859.342,3739639.364
287.8,-2202449.332,-4664859.240,3739639.464
287.9,-2202449.379,-4664859.137,3739639.563
288.0,-2202449.427,-4664859.034,3739639.662
288.1,-2202449.474,-4664858.932,3739639.762
288.2,-2202449.522,-4664858.829,3739639.861
288.3,-2202449.569,-4664858.726,3739639.961
288.4,-2202449.617,-4664858.624,3739640.060
288.5,-2202449.664,-4664858.521,3739640.159
288.6,-2202449.712,-4664858.419,3739640.259
288.7,-2202449.759,-4664858.316,3739640.358
288.8,-2202449.807,-4664858.213,3739640.457
288.9,-2202449.854,-4664858.111,3739640.557
289.0,-2202449.902,-4664858.008,3739640.656
289.1,-2202449.949,-4664857.906,3739640.755
289.2,-2202449.997,-4664857.803,3739640.855
289.3,-2202450.044,-4664857.700,3739640.954
289.4,-2202450.092,-4664857.598,3739641.054
289.5,-2202450.139,-4664857.495,3739641.153
289.6,-2202450.187,-4664857.392,3739641.252
289.7,-2202450.235,-4664857.290,3739641.352
289.8,-2202450.282,-4664857.187,3739641.451
289.9,-2202450.330,-4664857.085,3739641.550
290.0,-2202450.377,-4664856.982,3739641.650
290.1,-2202450.425,-4664856.879,3739641.749
290.2,-2202450.472,-4664856.777,3739641.848
290.3,-2202450.520,-4664856.674,3739641.948
290.4,-2202450.567,-4664856.572,3739642.047
290.5,-2202450.615,-4664856.469,3739642.147
290.6,-2202450.662,-4664856.366,3739642.246
290.7,-2202450.710,-4664856.264,3739642.345
290.8,-2202450.757,-4664856.161,3739642.445
290.9,-2202450.805,-4664856.058,3739642.544
291.0,-2202450.852,-4664855.956,3739642.643
291.1,-2202450.900,-4664855.853,3739642.743
291.2,-2202450.947,-4664855.751,3739642.842
291.3,-2202450.995,-4664855.648,3739642.942
291.4,-2202451.042,-4664855.545,3739643.041
291.5,-2202451.090,-4664855.443,3739643.140
291.6,-2202451.137,-4664855.340,3739643.240
291.7,-2202451.185,-4664855.238,3739643.339
291.8,-2202451.232,-4664855.135,3739643.438
291.9,-2202451.280,-4664855.032,3739643.538
292.0,-2202451.327,-4664854.930,3739643.637
292.1,-2202451.375,-4664854.827,3739643.736
292.2,-2202451.422,-4664854.724,3739643.836
292.3,-2202451.470,-4664854.622,3739643.935
292.4,-2202451.517,-4664854.519,3739644.035
292.5,-2202451.565,-4664854.417,3739644.134
292.6,-2202451.613,-4664854.314,3739644.233
292.7,-2202451.660,-4664854.211,3739644.333
292.8,-2202451.708,-4664854.109,3739644.432
292.9,-2202451.755,-4664854.006,3739644.531
293.0,-2202451.803,-4664853.903,3739644.631
293.1,-2202451.850,-4664853.801,3739644.730
293.2,-2202451.898,-4664853.698,3739644.829
293.3,-2202451.945,-4664853.596,3739644.929
293.4,-2202451.993,-4664853.493,3739645.028
293.5,-2202452.040,-4664853.390,3739645.128
293.6,-2202452.088,-4664853.288,3739645.227
293.7,-2202452.135,-4664853.185,3739645.326
293.8,-2202452.183,-4664853.083,3739645.426
293.9,-2202452.230,-4664852.980,3739645.525
294.0,-2202452.278,-4664852.877,3739645.624
294.1,-2202452.325,-4664852.775,3739645.724
294.2,-2202452.373,-4664852.672,3739645.823
294.3,-2202452.420,-4664852.569,3739645.922
294.4,-2202452.468,-4664852.467,3739646.022
294.5,-2202452.515,-4664852.364,3739646.121
294.6,-2202452.563,-4664852.262,3739646.221
294.7,-2202452.610,-4664852.159,3739646.320
294.8,-2202452.658,-4664852.056,3739646.419
294.9,-2202452.705,-4664851.954,3739646.519
295.0,-2202452.753,-4664851.851,3739646.618
295.1,-2202452.800,-4664851.749,3739646.717
295.2,-2202452.848,-4664851.646,3739646.817
295.3,-2202452.895,-4664851.543,3739646.916
295.4,-2202452.943,-4664851.441,3739647.016
295.5,-2202452.991,-4664851.338,3739647.115
295.6,-2202453.038,-4664851.235,3739647.214
295.7,-2202453.086,-4664851.133,3739647.314
295.8,-2202453.133,-4664851.030,3739647.413
295.9,-2202453.181,-4664850.928,3739647.512
296.0,-2202453.228,-4664850.825,3739647.612
296.1,-2202453.276,-4664850.722,3739647.711
296.2,-2202453.323,-4664850.620,3739647.810
296.3,-2202453.371,-4664850.517,3739647.910
296.4,-2202453.418,-4664850.415,3739648.009
296.5,-2202453.466,-4664850.312,3739648.109
296.6,-2202453.513,-4664850.209,3739648.208
296.7,-2202453.561,-4664850.107,3739648.307
296.8,-2202453.608,-4664850.004,3739648.407
296.9,-2202453.656,-4664849.901,3739648.506
297.0,-2202453.703,-4664849.799,3739648.605
297.1,-2202453.751,-4664849.696,3739648.705
297.2,-2202453.798,-4664849.594,3739648.804
297.3,-2202453.846,-4664849.491,3739648.903
297.4,-2202453.893,-4664849.388,3739649.003
297.5,-2202453.941,-4664849.286,3739649.102
297.6,-2202453.988,-4664849.183,3739649.202
297.7,-2202454.036,-4664849.081,3739649.301
297.8,-2202454.083,-4664848.978,3739649.400
297.9,-2202454.131,-4664848.875,3739649.500
298.0,-2202454.178,-4664848.773,3739649.599
298.1,-2202454.226,-4664848.670,3739649.698
298.2,-2202454.273,-4664848.567,3739649.798
298.3,-2202454.321,-4664848.465,3739649.897
298.4,-2202454.369,-4664848.362,3739649.997
298.5,-2202454.416,-4664848.260,3739650.096
298.6,-2202454.464,-4664848.157,3739650.195
298.7,-2202454.511,-4664848.054,3739650.295
298.8,-2202454.559,-4664847.952,3739650.394
298.9,-2202454.606,-4664847.849,3739650.493
299.0,-2202454.654,-4664847.747,3739650.593
299.1,-2202454.701,-4664847.644,3739650.692
299.2,-2202454.749,-4664847.541,3739650.791
299.3,-2202454.796,-4664847.439,3739650.891
299.4,-2202454.844,-4664847.336,3739650.990
299.5,-2202454.891,-4664847.233,3739651.090
299.6,-2202454.939,-4664847.131,3739651.189
299.7,-2202454.986,-4664847.028,3739651.288
299.8,-2202455.034,-4664846.926,3739651.388
299.9,-2202455.081,-4664846.823,3739651.487
300.0,-2202455.129,-4664846.720,3739651.586
300.1,-2202455.176,-4664846.618,3739651.686
300.2,-2202455.224,-4664846.515,3739651.785
300.3,-2202455.271,-4664846.413,3739651.884
300.4,-2202455.319,-4664846.310,3739651.984
300.5,-2202455.366,-4664846.207,3739652.083
300.6,-2202455.414,-4664846.105,3739652.183
300.7,-2202455.461,-4664846.002,3739652.282
300.8,-2202455.509,-4664845.899,3739652.381
300.9,-2202455.556,-4664845.797,3739652.481
301.0,-2202455.604,-4664845.694,3739652.580
301.1,-2202455.651,-4664845.592,3739652.679
301.2,-2202455.699,-4664845.489,3739652.779
301.3,-2202455.746,-4664845.386,3739652.878
301.4,-2202455.794,-4664845.284,3739652.978
301.5,-2202455.842,-4664845.181,3739653.077
301.6,-2202455.889,-4664845.079,3739653.176
301.7,-2202455.937,-4664844.976,3739653.276
301.8,-2202455.984,-4664844.873,3739653.375
301.9,-2202456.032,-4664844.771,3739653.474
302.0,-2202456.079,-4664844.668,3739653.574
302.1,-2202456.127,-4664844.565,3739653.673
302.2,-2202456.174,-4664844.463,3739653.772
302.3,-2202456.222,-4664844.360,3739653.872
302.4,-2202456.269,-4664844.258,3739653.971
302.5,-2202456.317,-4664844.155,3739654.071
302.6,-2202456.364,-4664844.052,3739654.170
302.7,-2202456.412,-4664843.950,3739654.269
302.8,-2202456.459,-4664843.847,3739654.369
302.9,-2202456.507,-4664843.745,3739654.468
303.0,-2202456.554,-4664843.642,3739654.567
303.1,-2202456.602,-4664843.539,3739654.667
303.2,-2202456.649,-4664843.437,3739654.766
303.3,-2202456.697,-4664843.334,3739654.865
303.4,-2202456.744,-4664843.231,3739654.965
303.5,-2202456.792,-4664843.129,3739655.064
303.6,-2202456.839,-4664843.026,3739655.164
303.7,-2202456.887,-4664842.924,3739655.263
303.8,-2202456.934,-4664842.821,3739655.362
303.9,-2202456.982,-4664842.718,3739655.462
304.0,-2202457.029,-4664842.616,3739655.561
304.1,-2202457.077,-4664842.513,3739655.660
304.2,-2202457.124,-4664842.410,3739655.760
304.3,-2202457.172,-4664842.308,3739655.859
304.4,-2202457.220,-4664842.205,3739655.958
304.5,-2202457.267,-4664842.103,3739656.058
304.6,-2202457.315,-4664842.000,3739656.157
304.7,-2202457.362,-4664841.897,3739656.257
304.8,-2202457.410,-4664841.795,3739656.356
304.9,-2202457.457,-4664841.692,3739656.455
305.0,-2202457.505,-4664841.590,3739656.555
305.1,-2202457.552,-4664841.487,3739656.654
305.2,-2202457.600,-4664841.384,3739656.753
305.3,-2202457.647,-4664841.282,3739656.853
305.4,-2202457.695,-4664841.179,3739656.952
305.5,-2202457.742,-4664841.076,3739657.052
305.6,-2202457.790,-4664840.974,3739657.151
305.7,-2202457.837,-4664840.871,3739657.250
305.8,-2202457.885,-4664840.769,3739657.350
305.9,-2202457.932,-4664840.666,3739657.449
306.0,-2202457.980,-4664840.563,3739657.548
306.1,-2202458.027,-4664840.461,3739657.648
306.2,-2202458.075,-4664840.358,3739657.747
306.3,-2202458.122,-4664840.256,3739657.846
306.4,-2202458.170,-4664840.153,3739657.946
306.5,-2202458.217,-4664840.050,3739658.045
306.6,-2202458.265,-4664839.948,3739658.145
306.7,-2202458.312,-4664839.845,3739658.244
306.8,-2202458.360,-4664839.742,3739658.343
306.9,-2202458.407,-4664839.640,3739658.443
307.0,-2202458.455,-4664839.537,3739658.542
307.1,-2202458.502,-4664839.435,3739658.641
307.2,-2202458.550,-4664839.332,3739658.741
307.3,-2202458.598,-4664839.229,3739658.840
307.4,-2202458.645,-4664839.127,3739658.939
307.5,-2202458.693,-4664839.024,3739659.039
307.6,-2202458.740,-4664838.922,3739659.138
307.7,-2202458.788,-4664838.819,3739659.238
307.8,-2202458.835,-4664838.716,3739659.337
307.9,-2202458.883,-4664838.614,3739659.436
308.0,-2202458.930,-4664838.511,3739659.536
308.1,-2202458.978,-4664838.408,3739659.635
308.2,-2202459.025,-4664838.306,3739659.734
308.3,-2202459.073,-4664838.203,3739659.834
308.4,-2202459.120,-4664838.101,3739659.933
308.5,-2202459.168,-4664837.998,3739660.033
308.6,-2202459.215,-4664837.895,3739660.132
308.7,-2202459.263,-4664837.793,3739660.231
308.8,-2202459.310,-4664837.690,3739660.331
308.9,-2202459.358,-4664837.588,3739660.430
309.0,-2202459.405,-4664837.485,3739660.529
309.1,-2202459.453,-4664837.382,3739660.629
309.2,-2202459.500,-4664837.280,3739660.728
309.3,-2202459.548,-4664837.177,3739660.827
309.4,-2202459.595,-4664837.074,3739660.927
309.5,-2202459.643,-4664836.972,3739661.026
309.6,-2202459.690,-4664836.869,3739661.126
309.7,-2202459.738,-4664836.767,3739661.225
309.8,-2202459.785,-4664836.664,3739661.324
309.9,-2202459.833,-4664836.561,3739661.424
310.0,-2202459.880,-4664836.459,3739661.523
310.1,-2202459.928,-4664836.356,3739661.622
310.2,-2202459.975,-4664836.254,3739661.722
310.3,-2202460.023,-4664836.151,3739661.821
310.4,-2202460.071,-4664836.048,3739661.920
310.5,-2202460.118,-4664835.946,3739662.020
310.6,-2202460.166,-4664835.843,3739662.119
310.7,-2202460.213,-4664835.740,3739662.219
310.8,-2202460.261,-4664835.638,3739662.318
310.9,-2202460.308,-4664835.535,3739662.417
311.0,-2202460.356,-4664835.433,3739662.517
311.1,-2202460.403,-4664835.330,3739662.616
311.2,-2202460.451,-4664835.227,3739662.715
311.3,-2202460.498,-4664835.125,3739662.815
311.4,-2202460.546,-4664835.022,3739662.914
311.5,-2202460.593,-4664834.920,3739663.013
311.6,-2202460.641,-4664834.817,3739663.113
311.7,-2202460.688,-4664834.714,3739663.212
311.8,-2202460.736,-4664834.612,3739663.312
311.9,-2202460.783,-4664834.509,3739663.411
312.0,-2202460.831,-4664834.406,3739663.510
312.1,-2202460.878,-4664834.304,3739663.610
312.2,-2202460.926,-4664834.201,3739663.709
312.3,-2202460.973,-4664834.099,3739663.808
312.4,-2202461.021,-4664833.996,3739663.908
312.5,-2202461.068,-4664833.893,3739664.007
312.6,-2202461.116,-4664833.791,3739664.107
312.7,-2202461.163,-4664833.688,3739664.206
312.8,-2202461.211,-4664833.586,3739664.305
312.9,-2202461.258,-4664833.483,3739664.405
313.0,-2202461.306,-4664833.380,3739664.504
313.1,-2202461.353,-4664833.278,3739664.603
313.2,-2202461.401,-4664833.175,3739664.703
313.3,-2202461.449,-4664833.072,3739664.802
313.4,-2202461.496,-4664832.970,3739664.901
313.5,-2202461.544,-4664832.867,3739665.001
313.6,-2202461.591,-4664832.765,3739665.100
313.7,-2202461.639,-4664832.662,3739665.200
313.8,-2202461.686,-4664832.559,3739665.299
313.9,-2202461.734,-4664832.457,3739665.398
314.0,-2202461.781,-4664832.354,3739665.498
314.1,-2202461.829,-4664832.252,3739665.597
314.2,-2202461.876,-4664832.149,3739665.696
314.3,-2202461.924,-4664832.046,3739665.796
314.4,-2202461.971,-4664831.944,3739665.895
314.5,-2202462.019,-4664831.841,3739665.994
314.6,-2202462.066,-4664831.738,3739666.094
314.7,-2202462.114,-4664831.636,3739666.193
314.8,-2202462.161,-4664831.533,3739666.293
314.9,-2202462.209,-4664831.431,3739666.392
315.0,-2202462.256,-4664831.328,3739666.491
315.1,-2202462.304,-4664831.225,3739666.591
315.2,-2202462.351,-4664831.123,3739666.690
315.3,-2202462.399,-4664831.020,3739666.789
315.4,-2202462.446,-4664830.917,3739666.889
315.5,-2202462.494,-4664830.815,3739666.988
315.6,-2202462.541,-4664830.712,3739667.088
315.7,-2202462.589,-4664830.610,3739667.187
315.8,-2202462.636,-4664830.507,3739667.286
315.9,-2202462.684,-4664830.404,3739667.386
316.0,-2202462.731,-4664830.302,3739667.485
316.1,-2202462.779,-4664830.199,3739667.584
316.2,-2202462.827,-4664830.097,3739667.684
316.3,-2202462.874,-4664829.994,3739667.783
316.4,-2202462.922,-4664829.891,3739667.882
316.5,-2202462.969,-4664829.789,3739667.982
316.6,-2202463.017,-4664829.686,3739668.081
316.7,-2202463.064,-4664829.583,3739668.181
316.8,-2202463.112,-4664829.481,3739668.280
316.9,-2202463.159,-4664829.378,3739668.379
317.0,-2202463.207,-4664829.276,3739668.479
317.1,-2202463.254,-4664829.173,3739668.578
317.2,-2202463.302,-4664829.070,3739668.677
317.3,-2202463.349,-4664828.968,3739668.777
317.4,-2202463.397,-4664828.865,3739668.876
317.5,-2202463.444,-4664828.763,3739668.975
317.6,-2202463.492,-4664828.660,3739669.075
317.7,-2202463.539,-4664828.557,3739669.174
317.8,-2202463.587,-4664828.455,3739669.274
317.9,-2202463.634,-4664828.352,3739669.373
318.0,-2202463.682,-4664828.249,3739669.472
318.1,-2202463.729,-4664828.147,3739669.572
318.2,-2202463.777,-4664828.044,3739669.671
318.3,-2202463.824,-4664827.942,3739669.770
318.4,-2202463.872,-4664827.839,3739669.870
318.5,-2202463.919,-4664827.736,3739669.969
318.6,-2202463.967,-4664827.634,3739670.069
318.7,-2202464.014,-4664827.531,3739670.168
318.8,-2202464.062,-4664827.429,3739670.267
318.9,-2202464.109,-4664827.326,3739670.367
319.0,-2202464.157,-4664827.223,3739670.466
319.1,-2202464.204,-4664827.121,3739670.565
319.2,-2202464.252,-4664827.018,3739670.665
319.3,-2202464.300,-4664826.915,3739670.764
319.4,-2202464.347,-4664826.813,3739670.863
319.5,-2202464.395,-4664826.710,3739670.963
319.6,-2202464.442,-4664826.608,3739671.062
319.7,-2202464.490,-4664826.505,3739671.162
319.8,-2202464.537,-4664826.402,3739671.261
319.9,-2202464.585,-4664826.300,3739671.360
320.0,-2202464.632,-4664826.197,3739671.460
320.1,-2202464.680,-4664826.095,3739671.559
320.2,-2202464.727,-4664825.992,3739671.658
320.3,-2202464.775,-4664825.889,3739671.758
320.4,-2202464.822,-4664825.787,3739671.857
320.5,-2202464.870,-4664825.684,3739671.956
320.6,-2202464.917,-4664825.581,3739672.056
320.7,-2202464.965,-4664825.479,3739672.155
320.8,-2202465.012,-4664825.376,3739672.255
320.9,-2202465.060,-4664825.274,3739672.354
321.0,-2202465.107,-4664825.171,3739672.453
321.1,-2202465.155,-4664825.068,3739672.553
321.2,-2202465.202,-4664824.966,3739672.652
321.3,-2202465.250,-4664824.863,3739672.751
321.4,-2202465.297,-4664824.761,3739672.851
321.5,-2202465.345,-4664824.658,3739672.950
321.6,-2202465.392,-4664824.555,3739673.049
321.7,-2202465.440,-4664824.453,3739673.149
321.8,-2202465.487,-4664824.350,3739673.248
321.9,-2202465.535,-4664824.247,3739673.348
322.0,-2202465.582,-4664824.145,3739673.447
322.1,-2202465.630,-4664824.042,3739673.546
322.2,-2202465.678,-4664823.940,3739673.646
322.3,-2202465.725,-4664823.837,3739673.745
322.4,-2202465.773,-4664823.734,3739673.844
322.5,-2202465.820,-4664823.632,3739673.944
322.6,-2202465.868,-4664823.529,3739674.043
322.7,-2202465.915,-4664823.427,3739674.143
322.8,-2202465.963,-4664823.324,3739674.242
322.9,-2202466.010,-4664823.221,3739674.341
323.0,-2202466.058,-4664823.119,3739674.441
323.1,-2202466.105,-4664823.016,3739674.540
323.2,-2202466.153,-4664822.913,3739674.639
323.3,-2202466.200,-4664822.811,3739674.739
323.4,-2202466.248,-4664822.708,3739674.838
323.5,-2202466.295,-4664822.606,3739674.937
323.6,-2202466.343,-4664822.503,3739675.037
323.7,-2202466.390,-4664822.400,3739675.136
323.8,-2202466.438,-4664822.298,3739675.236
323.9,-2202466.485,-4664822.195,3739675.335
324.0,-2202466.533,-4664822.093,3739675.434
324.1,-2202466.580,-4664821.990,3739675.534
324.2,-2202466.628,-4664821.887,3739675.633
324.3,-2202466.675,-4664821.785,3739675.732
324.4,-2202466.723,-4664821.682,3739675.832
324.5,-2202466.770,-4664821.579,3739675.931
324.6,-2202466.818,-4664821.477,3739676.030
324.7,-2202466.865,-4664821.374,3739676.130
324.8,-2202466.913,-4664821.272,3739676.229
324.9,-2202466.960,-4664821.169,3739676.329
325.0,-2202467.008,-4664821.066,3739676.428
325.1,-2202467.056,-4664820.964,3739676.527
325.2,-2202467.103,-4664820.861,3739676.627
325.3,-2202467.151,-4664820.759,3739676.726
325.4,-2202467.198,-4664820.656,3739676.825
325.5,-2202467.246,-4664820.553,3739676.925
325.6,-2202467.293,-4664820.451,3739677.024
325.7,-2202467.341,-4664820.348,3739677.124
325.8,-2202467.388,-4664820.245,3739677.223
325.9,-2202467.436,-4664820.143,3739677.322
326.0,-2202467.483,-4664820.040,3739677.422
326.1,-2202467.531,-4664819.938,3739677.521
326.2,-2202467.578,-4664819.835,3739677.620
326.3,-2202467.626,-4664819.732,3739677.720
326.4,-2202467.673,-4664819.630,3739677.819
326.5,-2202467.721,-4664819.527,3739677.918
326.6,-2202467.768,-4664819.424,3739678.018
326.7,-2202467.816,-4664819.322,3739678.117
326.8,-2202467.863,-4664819.219,3739678.217
326.9,-2202467.911,-4664819.117,3739678.316
327.0,-2202467.958,-4664819.014,3739678.415
327.1,-2202468.006,-4664818.911,3739678.515
327.2,-2202468.053,-4664818.809,3739678.614
327.3,-2202468.101,-4664818.706,3739678.713
327.4,-2202468.148,-4664818.604,3739678.813
327.5,-2202468.196,-4664818.501,3739678.912
327.6,-2202468.243,-4664818.398,3739679.011
327.7,-2202468.291,-4664818.296,3739679.111
327.8,-2202468.338,-4664818.193,3739679.210
327.9,-2202468.386,-4664818.090,3739679.310
328.0,-2202468.433,-4664817.988,3739679.409
328.1,-2202468.481,-4664817.885,3739679.508
328.2,-2202468.529,-4664817.783,3739679.608
328.3,-2202468.576,-4664817.680,3739679.707
328.4,-2202468.624,-4664817.577,3739679.806
328.5,-2202468.671,-4664817.475,3739679.906
328.6,-2202468.719,-4664817.372,3739680.005
328.7,-2202468.766,-4664817.270,3739680.104
328.8,-2202468.814,-4664817.167,3739680.204
328.9,-2202468.861,-4664817.064,3739680.303
329.0,-2202468.909,-4664816.962,3739680.403
329.1,-2202468.956,-4664816.859,3739680.502
329.2,-2202469.004,-4664816.756,3739680.601
329.3,-2202469.051,-4664816.654,3739680.701
329.4,-2202469.099,-4664816.551,3739680.800
329.5,-2202469.146,-4664816.449,3739680.899
329.6,-2202469.194,-4664816.346,3739680.999
329.7,-2202469.241,-4664816.243,3739681.098
329.8,-2202469.289,-4664816.141,3739681.198
329.9,-2202469.336,-4664816.038,3739681.297
330.0,-2202469.384,-4664815.936,3739681.396
330.1,-2202469.431,-4664815.833,3739681.496
330.2,-2202469.479,-4664815.730,3739681.595
330.3,-2202469.526,-4664815.628,3739681.694
330.4,-2202469.574,-4664815.525,3739681.794
330.5,-2202469.621,-4664815.422,3739681.893
330.6,-2202469.669,-4664815.320,3739681.992
330.7,-2202469.716,-4664815.217,3739682.092
330.8,-2202469.764,-4664815.115,3739682.191
330.9,-2202469.811,-4664815.012,3739682.291
331.0,-2202469.859,-4664814.909,3739682.390
331.1,-2202469.907,-4664814.807,3739682.489
331.2,-2202469.954,-4664814.704,3739682.589
331.3,-2202470.002,-4664814.602,3739682.688
331.4,-2202470.049,-4664814.499,3739682.787
331.5,-2202470.097,-4664814.396,3739682.887
331.6,-2202470.144,-4664814.294,3739682.986
331.7,-2202470.192,-4664814.191,3739683.085
331.8,-2202470.239,-4664814.088,3739683.185
331.9,-2202470.287,-4664813.986,3739683.284
332.0,-2202470.334,-4664813.883,3739683.384
332.1,-2202470.382,-4664813.781,3739683.483
332.2,-2202470.429,-4664813.678,3739683.582
332.3,-2202470.477,-4664813.575,3739683.682
332.4,-2202470.524,-4664813.473,3739683.781
332.5,-2202470.572,-4664813.370,3739683.880
332.6,-2202470.619,-4664813.268,3739683.980
332.7,-2202470.667,-4664813.165,3739684.079
332.8,-2202470.714,-4664813.062,3739684.179
332.9,-2202470.762,-4664812.960,3739684.278
333.0,-2202470.809,-4664812.857,3739684.377
333.1,-2202470.857,-4664812.754,3739684.477
333.2,-2202470.904,-4664812.652,3739684.576
333.3,-2202470.952,-4664812.549,3739684.675
333.4,-2202470.999,-4664812.447,3739684.775
333.5,-2202471.047,-4664812.344,3739684.874
333.6,-2202471.094,-4664812.241,3739684.973
333.7,-2202471.142,-4664812.139,3739685.073
333.8,-2202471.189,-4664812.036,3739685.172
333.9,-2202471.237,-4664811.934,3739685.272
334.0,-2202471.285,-4664811.831,3739685.371
334.1,-2202471.332,-4664811.728,3739685.470
334.2,-2202471.380,-4664811.626,3739685.570
334.3,-2202471.427,-4664811.523,3739685.669
334.4,-2202471.475,-4664811.420,3739685.768
334.5,-2202471.522,-4664811.318,3739685.868
334.6,-2202471.570,-4664811.215,3739685.967
334.7,-2202471.617,-4664811.113,3739686.066
334.8,-2202471.665,-4664811.010,3739686.166
334.9,-2202471.712,-4664810.907,3739686.265
335.0,-2202471.760,-4664810.805,3739686.365
335.1,-2202471.807,-4664810.702,3739686.464
335.2,-2202471.855,-4664810.600,3739686.563
335.3,-2202471.902,-4664810.497,3739686.663
335.4,-2202471.950,-4664810.394,3739686.762
335.5,-2202471.997,-4664810.292,3739686.861
335.6,-2202472.045,-4664810.189,3739686.961
335.7,-2202472.092,-4664810.086,3739687.060
335.8,-2202472.140,-4664809.984,3739687.160
335.9,-2202472.187,-4664809.881,3739687.259
336.0,-2202472.235,-4664809.779,3739687.358
336.1,-2202472.282,-4664809.676,3739687.458
336.2,-2202472.330,-4664809.573,3739687.557
336.3,-2202472.377,-4664809.471,3739687.656
336.4,-2202472.425,-4664809.368,3739687.756
336.5,-2202472.472,-4664809.266,3739687.855
336.6,-2202472.520,-4664809.163,3739687.954
336.7,-2202472.567,-4664809.060,3739688.054
336.8,-2202472.615,-4664808.958,3739688.153
336.9,-2202472.662,-4664808.855,3739688.253
337.0,-2202472.710,-4664808.752,3739688.352
337.1,-2202472.758,-4664808.650,3739688.451
337.2,-2202472.805,-4664808.547,3739688.551
337.3,-2202472.853,-4664808.445,3739688.650
337.4,-2202472.900,-4664808.342,3739688.749
337.5,-2202472.948,-4664808.239,3739688.849
337.6,-2202472.995,-4664808.137,3739688.948
337.7,-2202473.043,-4664808.034,3739689.047
337.8,-2202473.090,-4664807.931,3739689.147
337.9,-2202473.138,-4664807.829,3739689.246
338.0,-2202473.185,-4664807.726,3739689.346
338.1,-2202473.233,-4664807.624,3739689.445
338.2,-2202473.280,-4664807.521,3739689.544
338.3,-2202473.328,-4664807.418,3739689.644
338.4,-2202473.375,-4664807.316,3739689.743
338.5,-2202473.423,-4664807.213,3739689.842
338.6,-2202473.470,-4664807.111,3739689.942
338.7,-2202473.518,-4664807.008,3739690.041
338.8,-2202473.565,-4664806.905,3739690.140
338.9,-2202473.613,-4664806.803,3739690.240
339.0,-2202473.660,-4664806.700,3739690.339
339.1,-2202473.708,-4664806.597,3739690.439
339.2,-2202473.755,-4664806.495,3739690.538
339.3,-2202473.803,-4664806.392,3739690.637
339.4,-2202473.850,-4664806.290,3739690.737
339.5,-2202473.898,-4664806.187,3739690.836
339.6,-2202473.945,-4664806.084,3739690.935
339.7,-2202473.993,-4664805.982,3739691.035
339.8,-2202474.040,-4664805.879,3739691.134
339.9,-2202474.088,-4664805.777,3739691.234
340.0,-2202474.136,-4664805.674,3739691.333
340.1,-2202474.183,-4664805.571,3739691.432
340.2,-2202474.231,-4664805.469,3739691.532
340.3,-2202474.278,-4664805.366,3739691.631
340.4,-2202474.326,-4664805.263,3739691.730
340.5,-2202474.373,-4664805.161,3739691.830
340.6,-2202474.421,-4664805.058,3739691.929
340.7,-2202474.468,-4664804.956,3739692.028
340.8,-2202474.516,-4664804.853,3739692.128
340.9,-2202474.563,-4664804.750,3739692.227
341.0,-2202474.611,-4664804.648,3739692.327
341.1,-2202474.658,-4664804.545,3739692.426
341.2,-2202474.706,-4664804.443,3739692.525
341.3,-2202474.753,-4664804.340,3739692.625
341.4,-2202474.801,-4664804.237,3739692.724
341.5,-2202474.848,-4664804.135,3739692.823
341.6,-2202474.896,-4664804.032,3739692.923
341.7,-2202474.943,-4664803.929,3739693.022
341.8,-2202474.991,-4664803.827,3739693.121
341.9,-2202475.038,-4664803.724,3739693.221
342.0,-2202475.086,-4664803.622,3739693.320
342.1,-2202475.133,-4664803.519,3739693.420
342.2,-2202475.181,-4664803.416,3739693.519
342.3,-2202475.228,-4664803.314,3739693.618
342.4,-2202475.276,-4664803.211,3739693.718
342.5,-2202475.323,-4664803.109,3739693.817
342.6,-2202475.371,-4664803.006,3739693.916
342.7,-2202475.418,-4664802.903,3739694.016
342.8,-2202475.466,-4664802.801,3739694.115
342.9,-2202475.514,-4664802.698,3739694.215
343.0,-2202475.561,-4664802.595,3739694.314
343.1,-2202475.609,-4664802.493,3739694.413
343.2,-2202475.656,-4664802.390,3739694.513
343.3,-2202475.704,-4664802.288,3739694.612
343.4,-2202475.751,-4664802.185,3739694.711
343.5,-2202475.799,-4664802.082,3739694.811
343.6,-2202475.846,-4664801.980,3739694.910
343.7,-2202475.894,-4664801.877,3739695.009
343.8,-2202475.941,-4664801.775,3739695.109
343.9,-2202475.989,-4664801.672,3739695.208
344.0,-2202476.036,-4664801.569,3739695.308
344.1,-2202476.084,-4664801.467,3739695.407
344.2,-2202476.131,-4664801.364,3739695.506
344.3,-2202476.179,-4664801.261,3739695.606
344.4,-2202476.226,-4664801.159,3739695.705
344.5,-2202476.274,-4664801.056,3739695.804
344.6,-2202476.321,-4664800.954,3739695.904
344.7,-2202476.369,-4664800.851,3739696.003
344.8,-2202476.416,-4664800.748,3739696.102
344.9,-2202476.464,-4664800.646,3739696.202
345.0,-2202476.511,-4664800.543,3739696.301
345.1,-2202476.559,-4664800.441,3739696.401
345.2,-2202476.606,-4664800.338,3739696.500
345.3,-2202476.654,-4664800.235,3739696.599
345.4,-2202476.701,-4664800.133,3739696.699
345.5,-2202476.749,-4664800.030,3739696.798
345.6,-2202476.796,-4664799.927,3739696.897
345.7,-2202476.844,-4664799.825,3739696.997
345.8,-2202476.891,-4664799.722,3739697.096
345.9,-2202476.939,-4664799.620,3739697.195
346.0,-2202476.987,-4664799.517,3739697.295
346.1,-2202477.034,-4664799.414,3739697.394
346.2,-2202477.082,-4664799.312,3739697.494
346.3,-2202477.129,-4664799.209,3739697.593
346.4,-2202477.177,-4664799.107,3739697.692
346.5,-2202477.224,-4664799.004,3739697.792
346.6,-2202477.272,-4664798.901,3739697.891
346.7,-2202477.319,-4664798.799,3739697.990
346.8,-2202477.367,-4664798.696,3739698.090
346.9,-2202477.414,-4664798.593,3739698.189
347.0,-2202477.462,-4664798.491,3739698.289
347.1,-2202477.509,-4664798.388,3739698.388
347.2,-2202477.557,-4664798.286,3739698.487
347.3,-2202477.604,-4664798.183,3739698.587
347.4,-2202477.652,-4664798.080,3739698.686
347.5,-2202477.699,-4664797.978,3739698.785
347.6,-2202477.747,-4664797.875,3739698.885
347.7,-2202477.794,-4664797.773,3739698.984
347.8,-2202477.842,-4664797.670,3739699.083
347.9,-2202477.889,-4664797.567,3739699.183
348.0,-2202477.937,-4664797.465,3739699.282
348.1,-2202477.984,-4664797.362,3739699.382
348.2,-2202478.032,-4664797.259,3739699.481
348.3,-2202478.079,-4664797.157,3739699.580
348.4,-2202478.127,-4664797.054,3739699.680
348.5,-2202478.174,-4664796.952,3739699.779
348.6,-2202478.222,-4664796.849,3739699.878
348.7,-2202478.269,-4664796.746,3739699.978
348.8,-2202478.317,-4664796.644,3739700.077
348.9,-2202478.365,-4664796.541,3739700.176
349.0,-2202478.412,-4664796.438,3739700.276
349.1,-2202478.460,-4664796.336,3739700.375
349.2,-2202478.507,-4664796.233,3739700.475
349.3,-2202478.555,-4664796.131,3739700.574
349.4,-2202478.602,-4664796.028,3739700.673
349.5,-2202478.650,-4664795.925,3739700.773
349.6,-2202478.697,-4664795.823,3739700.872
349.7,-2202478.745,-4664795.720,3739700.971
349.8,-2202478.792,-4664795.618,3739701.071
349.9,-2202478.840,-4664795.515,3739701.170
350.0,-2202478.887,-4664795.412,3739701.270
350.1,-2202478.935,-4664795.310,3739701.369
350.2,-2202478.982,-4664795.207,3739701.468
350.3,-2202479.030,-4664795.104,3739701.568
350.4,-2202479.077,-4664795.002,3739701.667
350.5,-2202479.125,-4664794.899,3739701.766
350.6,-2202479.172,-4664794.797,3739701.866
350.7,-2202479.220,-4664794.694,3739701.965
350.8,-2202479.267,-4664794.591,3739702.064
350.9,-2202479.315,-4664794.489,3739702.164
351.0,-2202479.362,-4664794.386,3739702.263
351.1,-2202479.410,-4664794.284,3739702.363
351.2,-2202479.457,-4664794.181,3739702.462
351.3,-2202479.505,-4664794.078,3739702.561
351.4,-2202479.552,-4664793.976,3739702.661
351.5,-2202479.600,-4664793.873,3739702.760
351.6,-2202479.647,-4664793.770,3739702.859
351.7,-2202479.695,-4664793.668,3739702.959
351.8,-2202479.743,-4664793.565,3739703.058
351.9,-2202479.790,-4664793.463,3739703.157
352.0,-2202479.838,-4664793.360,3739703.257
352.1,-2202479.885,-4664793.257,3739703.356
352.2,-2202479.933,-4664793.155,3739703.456
352.3,-2202479.980,-4664793.052,3739703.555
352.4,-2202480.028,-4664792.950,3739703.654
352.5,-2202480.075,-4664792.847,3739703.754
352.6,-2202480.123,-4664792.744,3739703.853
352.7,-2202480.170,-4664792.642,3739703.952
352.8,-2202480.218,-4664792.539,3739704.052
352.9,-2202480.265,-4664792.436,3739704.151
353.0,-2202480.313,-4664792.334,3739704.250
353.1,-2202480.360,-4664792.231,3739704.350
353.2,-2202480.408,-4664792.129,3739704.449
353.3,-2202480.455,-4664792.026,3739704.549
353.4,-2202480.503,-4664791.923,3739704.648
353.5,-2202480.550,-4664791.821,3739704.747
353.6,-2202480.598,-4664791.718,3739704.847
353.7,-2202480.645,-4664791.616,3739704.946
353.8,-2202480.693,-4664791.513,3739705.045
353.9,-2202480.740,-4664791.410,3739705.145
354.0,-2202480.788,-4664791.308,3739705.244
354.1,-2202480.835,-4664791.205,3739705.344
354.2,-2202480.883,-4664791.102,3739705.443
354.3,-2202480.930,-4664791.000,3739705.542
354.4,-2202480.978,-4664790.897,3739705.642
354.5,-2202481.025,-4664790.795,3739705.741
354.6,-2202481.073,-4664790.692,3739705.840
354.7,-2202481.120,-4664790.589,3739705.940
354.8,-2202481.168,-4664790.487,3739706.039
354.9,-2202481.216,-4664790.384,3739706.138
355.0,-2202481.263,-4664790.282,3739706.238
355.1,-2202481.311,-4664790.179,3739706.337
355.2,-2202481.358,-4664790.076,3739706.437
355.3,-2202481.406,-4664789.974,3739706.536
355.4,-2202481.453,-4664789.871,3739706.635
355.5,-2202481.501,-4664789.768,3739706.735
355.6,-2202481.548,-4664789.666,3739706.834
355.7,-2202481.596,-4664789.563,3739706.933
355.8,-2202481.643,-4664789.461,3739707.033
355.9,-2202481.691,-4664789.358,3739707.132
356.0,-2202481.738,-4664789.255,3739707.231
356.1,-2202481.786,-4664789.153,3739707.331
356.2,-2202481.833,-4664789.050,3739707.430
356.3,-2202481.881,-4664788.948,3739707.530
356.4,-2202481.928,-4664788.845,3739707.629
356.5,-2202481.976,-4664788.742,3739707.728
356.6,-2202482.023,-4664788.640,3739707.828
356.7,-2202482.071,-4664788.537,3739707.927
356.8,-2202482.118,-4664788.434,3739708.026
356.9,-2202482.166,-4664788.332,3739708.126
357.0,-2202482.213,-4664788.229,3739708.225
357.1,-2202482.261,-4664788.127,3739708.325
357.2,-2202482.308,-4664788.024,3739708.424
357.3,-2202482.356,-4664787.921,3739708.523
357.4,-2202482.403,-4664787.819,3739708.623
357.5,-2202482.451,-4664787.716,3739708.722
357.6,-2202482.498,-4664787.614,3739708.821
357.7,-2202482.546,-4664787.511,3739708.921
357.8,-2202482.594,-4664787.408,3739709.020
357.9,-2202482.641,-4664787.306,3739709.119
358.0,-2202482.689,-4664787.203,3739709.219
358.1,-2202482.736,-4664787.100,3739709.318
358.2,-2202482.784,-4664786.998,3739709.418
358.3,-2202482.831,-4664786.895,3739709.517
358.4,-2202482.879,-4664786.793,3739709.616
358.5,-2202482.926,-4664786.690,3739709.716
358.6,-2202482.974,-4664786.587,3739709.815
358.7,-2202483.021,-4664786.485,3739709.914
358.8,-2202483.069,-4664786.382,3739710.014
358.9,-2202483.116,-4664786.280,3739710.113
359.0,-2202483.164,-4664786.177,3739710.212
359.1,-2202483.211,-4664786.074,3739710.312
359.2,-2202483.259,-4664785.972,3739710.411
359.3,-2202483.306,-4664785.869,3739710.511
359.4,-2202483.354,-4664785.766,3739710.610
359.5,-2202483.401,-4664785.664,3739710.709
359.6,-2202483.449,-4664785.561,3739710.809
359.7,-2202483.496,-4664785.459,3739710.908
359.8,-2202483.544,-4664785.356,3739711.007
359.9,-2202483.591,-4664785.253,3739711.107
360.0,-2202483.639,-4664785.151,3739711.206
360.1,-2202483.686,-4664785.048,3739711.306
360.2,-2202483.734,-4664784.945,3739711.405
360.3,-2202483.781,-4664784.843,3739711.504
360.4,-2202483.829,-4664784.740,3739711.604
360.5,-2202483.876,-4664784.638,3739711.703
360.6,-2202483.924,-4664784.535,3739711.802
360.7,-2202483.972,-4664784.432,3739711.902
360.8,-2202484.019,-4664784.330,3739712.001
360.9,-2202484.067,-4664784.227,3739712.100
361.0,-2202484.114,-4664784.125,3739712.200
361.1,-2202484.162,-4664784.022,3739712.299
361.2,-2202484.209,-4664783.919,3739712.399
361.3,-2202484.257,-4664783.817,3739712.498
361.4,-2202484.304,-4664783.714,3739712.597
361.5,-2202484.352,-4664783.611,3739712.697
361.6,-2202484.399,-4664783.509,3739712.796
361.7,-2202484.447,-4664783.406,3739712.895
361.8,-2202484.494,-4664783.304,3739712.995
361.9,-2202484.542,-4664783.201,3739713.094
362.0,-2202484.589,-4664783.098,3739713.193
362.1,-2202484.637,-4664782.996,3739713.293
362.2,-2202484.684,-4664782.893,3739713.392
362.3,-2202484.732,-4664782.791,3739713.492
362.4,-2202484.779,-4664782.688,3739713.591
362.5,-2202484.827,-4664782.585,3739713.690
362.6,-2202484.874,-4664782.483,3739713.790
362.7,-2202484.922,-4664782.380,3739713.889
362.8,-2202484.969,-4664782.277,3739713.988
362.9,-2202485.017,-4664782.175,3739714.088
363.0,-2202485.064,-4664782.072,3739714.187
363.1,-2202485.112,-4664781.970,3739714.286
363.2,-2202485.159,-4664781.867,3739714.386
363.3,-2202485.207,-4664781.764,3739714.485
363.4,-2202485.254,-4664781.662,3739714.585
363.5,-2202485.302,-4664781.559,3739714.684
363.6,-2202485.349,-4664781.457,3739714.783
363.7,-2202485.397,-4664781.354,3739714.883
363.8,-2202485.445,-4664781.251,3739714.982
363.9,-2202485.492,-4664781.149,3739715.081
364.0,-2202485.540,-4664781.046,3739715.181
364.1,-2202485.587,-4664780.943,3739715.280
364.2,-2202485.635,-4664780.841,3739715.380
364.3,-2202485.682,-4664780.738,3739715.479
364.4,-2202485.730,-4664780.636,3739715.578
364.5,-2202485.777,-4664780.533,3739715.678
364.6,-2202485.825,-4664780.430,3739715.777
364.7,-2202485.872,-4664780.328,3739715.876
364.8,-2202485.920,-4664780.225,3739715.976
364.9,-2202485.967,-4664780.123,3739716.075
365.0,-2202486.015,-4664780.020,3739716.174
365.1,-2202486.062,-4664779.917,3739716.274
365.2,-2202486.110,-4664779.815,3739716.373
365.3,-2202486.157,-4664779.712,3739716.473
365.4,-2202486.205,-4664779.609,3739716.572
365.5,-2202486.252,-4664779.507,3739716.671
365.6,-2202486.300,-4664779.404,3739716.771
365.7,-2202486.347,-4664779.302,3739716.870
365.8,-2202486.395,-4664779.199,3739716.969
365.9,-2202486.442,-4664779.096,3739717.069
366.0,-2202486.490,-4664778.994,3739717.168
366.1,-2202486.537,-4664778.891,3739717.267
366.2,-2202486.585,-4664778.789,3739717.367
366.3,-2202486.632,-4664778.686,3739717.466
366.4,-2202486.680,-4664778.583,3739717.566
366.5,-2202486.727,-4664778.481,3739717.665
366.6,-2202486.775,-4664778.378,3739717.764
366.7,-2202486.823,-4664778.275,3739717.864
366.8,-2202486.870,-4664778.173,3739717.963
366.9,-2202486.918,-4664778.070,3739718.062
367.0,-2202486.965,-4664777.968,3739718.162
367.1,-2202487.013,-4664777.865,3739718.261
367.2,-2202487.060,-4664777.762,3739718.361
367.3,-2202487.108,-4664777.660,3739718.460
367.4,-2202487.155,-4664777.557,3739718.559
367.5,-2202487.203,-4664777.455,3739718.659
367.6,-2202487.250,-4664777.352,3739718.758
367.7,-2202487.298,-4664777.249,3739718.857
367.8,-2202487.345,-4664777.147,3739718.957
367.9,-2202487.393,-4664777.044,3739719.056
368.0,-2202487.440,-4664776.941,3739719.155
368.1,-2202487.488,-4664776.839,3739719.255
368.2,-2202487.535,-4664776.736,3739719.354
368.3,-2202487.583,-4664776.634,3739719.454
368.4,-2202487.630,-4664776.531,3739719.553
368.5,-2202487.678,-4664776.428,3739719.652
368.6,-2202487.725,-4664776.326,3739719.752
368.7,-2202487.773,-4664776.223,3739719.851
368.8,-2202487.820,-4664776.121,3739719.950
368.9,-2202487.868,-4664776.018,3739720.050
369.0,-2202487.915,-4664775.915,3739720.149
369.1,-2202487.963,-4664775.813,3739720.248
369.2,-2202488.010,-4664775.710,3739720.348
369.3,-2202488.058,-4664775.607,3739720.447
369.4,-2202488.105,-4664775.505,3739720.547
369.5,-2202488.153,-4664775.402,3739720.646
369.6,-2202488.201,-4664775.300,3739720.745
369.7,-2202488.248,-4664775.197,3739720.845
369.8,-2202488.296,-4664775.094,3739720.944
369.9,-2202488.343,-4664774.992,3739721.043
370.0,-2202488.391,-4664774.889,3739721.143
370.1,-2202488.438,-4664774.787,3739721.242
370.2,-2202488.486,-4664774.684,3739721.341
370.3,-2202488.533,-4664774.581,3739721.441
370.4,-2202488.581,-4664774.479,3739721.540
370.5,-2202488.628,-4664774.376,3739721.640
370.6,-2202488.676,-4664774.273,3739721.739
370.7,-2202488.723,-4664774.171,3739721.838
370.8,-2202488.771,-4664774.068,3739721.938
370.9,-2202488.818,-4664773.966,3739722.037
371.0,-2202488.866,-4664773.863,3739722.136
371.1,-2202488.913,-4664773.760,3739722.236
371.2,-2202488.961,-4664773.658,3739722.335
371.3,-2202489.008,-4664773.555,3739722.435
371.4,-2202489.056,-4664773.452,3739722.534
371.5,-2202489.103,-4664773.350,3739722.633
371.6,-2202489.151,-4664773.247,3739722.733
371.7,-2202489.198,-4664773.145,3739722.832
371.8,-2202489.246,-4664773.042,3739722.931
371.9,-2202489.293,-4664772.939,3739723.031
372.0,-2202489.341,-4664772.837,3739723.130
372.1,-2202489.388,-4664772.734,3739723.229
372.2,-2202489.436,-4664772.632,3739723.329
372.3,-2202489.483,-4664772.529,3739723.428
372.4,-2202489.531,-4664772.426,3739723.528
372.5,-2202489.578,-4664772.324,3739723.627
372.6,-2202489.626,-4664772.221,3739723.726
372.7,-2202489.674,-4664772.118,3739723.826
372.8,-2202489.721,-4664772.016,3739723.925
372.9,-2202489.769,-4664771.913,3739724.024
373.0,-2202489.816,-4664771.811,3739724.124
373.1,-2202489.864,-4664771.708,3739724.223
373.2,-2202489.911,-4664771.605,3739724.322
373.3,-2202489.959,-4664771.503,3739724.422
373.4,-2202490.006,-4664771.400,3739724.521
373.5,-2202490.054,-4664771.298,3739724.621
373.6,-2202490.101,-4664771.195,3739724.720
373.7,-2202490.149,-4664771.092,3739724.819
373.8,-2202490.196,-4664770.990,3739724.919
373.9,-2202490.244,-4664770.887,3739725.018
374.0,-2202490.291,-4664770.784,3739725.117
374.1,-2202490.339,-4664770.682,3739725.217
374.2,-2202490.386,-4664770.579,3739725.316
374.3,-2202490.434,-4664770.477,3739725.416
374.4,-2202490.481,-4664770.374,3739725.515
374.5,-2202490.529,-4664770.271,3739725.614
374.6,-2202490.576,-4664770.169,3739725.714
374.7,-2202490.624,-4664770.066,3739725.813
374.8,-2202490.671,-4664769.964,3739725.912
374.9,-2202490.719,-4664769.861,3739726.012
375.0,-2202490.766,-4664769.758,3739726.111
375.1,-2202490.814,-4664769.656,3739726.210
375.2,-2202490.861,-4664769.553,3739726.310
375.3,-2202490.909,-4664769.450,3739726.409
375.4,-2202490.956,-4664769.348,3739726.509
375.5,-2202491.004,-4664769.245,3739726.608
375.6,-2202491.052,-4664769.143,3739726.707
375.7,-2202491.099,-4664769.040,3739726.807
375.8,-2202491.147,-4664768.937,3739726.906
375.9,-2202491.194,-4664768.835,3739727.005
376.0,-2202491.242,-4664768.732,3739727.105
376.1,-2202491.289,-4664768.630,3739727.204
376.2,-2202491.337,-4664768.527,3739727.303
376.3,-2202491.384,-4664768.424,3739727.403
376.4,-2202491.432,-4664768.322,3739727.502
376.5,-2202491.479,-4664768.219,3739727.602
376.6,-2202491.527,-4664768.116,3739727.701
376.7,-2202491.574,-4664768.014,3739727.800
376.8,-2202491.622,-4664767.911,3739727.900
376.9,-2202491.669,-4664767.809,3739727.999
377.0,-2202491.717,-4664767.706,3739728.098
377.1,-2202491.764,-4664767.603,3739728.198
377.2,-2202491.812,-4664767.501,3739728.297
377.3,-2202491.859,-4664767.398,3739728.397
377.4,-2202491.907,-4664767.296,3739728.496
377.5,-2202491.954,-4664767.193,3739728.595
377.6,-2202492.002,-4664767.090,3739728.695
377.7,-2202492.049,-4664766.988,3739728.794
377.8,-2202492.097,-4664766.885,3739728.893
377.9,-2202492.144,-4664766.782,3739728.993
378.0,-2202492.192,-4664766.680,3739729.092
378.1,-2202492.239,-4664766.577,3739729.191
378.2,-2202492.287,-4664766.475,3739729.291
378.3,-2202492.334,-4664766.372,3739729.390
378.4,-2202492.382,-4664766.269,3739729.490
378.5,-2202492.430,-4664766.167,3739729.589
378.6,-2202492.477,-4664766.064,3739729.688
378.7,-2202492.525,-4664765.962,3739729.788
378.8,-2202492.572,-4664765.859,3739729.887
378.9,-2202492.620,-4664765.756,3739729.986
379.0,-2202492.667,-4664765.654,3739730.086
379.1,-2202492.715,-4664765.551,3739730.185
379.2,-2202492.762,-4664765.448,3739730.284
379.3,-2202492.810,-4664765.346,3739730.384
379.4,-2202492.857,-4664765.243,3739730.483
379.5,-2202492.905,-4664765.141,3739730.583
379.6,-2202492.952,-4664765.038,3739730.682
379.7,-2202493.000,-4664764.935,3739730.781
379.8,-2202493.047,-4664764.833,3739730.881
379.9,-2202493.095,-4664764.730,3739730.980
380.0,-2202493.142,-4664764.628,3739731.079
380.1,-2202493.190,-4664764.525,3739731.179
380.2,-2202493.237,-4664764.422,3739731.278
380.3,-2202493.285,-4664764.320,3739731.377
380.4,-2202493.332,-4664764.217,3739731.477
380.5,-2202493.380,-4664764.114,3739731.576
380.6,-2202493.427,-4664764.012,3739731.676
380.7,-2202493.475,-4664763.909,3739731.775
380.8,-2202493.522,-4664763.807,3739731.874
380.9,-2202493.570,-4664763.704,3739731.974
381.0,-2202493.617,-4664763.601,3739732.073
381.1,-2202493.665,-4664763.499,3739732.172
381.2,-2202493.712,-4664763.396,3739732.272
381.3,-2202493.760,-4664763.294,3739732.371
381.4,-2202493.807,-4664763.191,3739732.471
381.5,-2202493.855,-4664763.088,3739732.570
381.6,-2202493.903,-4664762.986,3739732.669
381.7,-2202493.950,-4664762.883,3739732.769
381.8,-2202493.998,-4664762.780,3739732.868
381.9,-2202494.045,-4664762.678,3739732.967
382.0,-2202494.093,-4664762.575,3739733.067
382.1,-2202494.140,-4664762.473,3739733.166
382.2,-2202494.188,-4664762.370,3739733.265
382.3,-2202494.235,-4664762.267,3739733.365
382.4,-2202494.283,-4664762.165,3739733.464
382.5,-2202494.330,-4664762.062,3739733.564
382.6,-2202494.378,-4664761.959,3739733.663
382.7,-2202494.425,-4664761.857,3739733.762
382.8,-2202494.473,-4664761.754,3739733.862
382.9,-2202494.520,-4664761.652,3739733.961
383.0,-2202494.568,-4664761.549,3739734.060
383.1,-2202494.615,-4664761.446,3739734.160
383.2,-2202494.663,-4664761.344,3739734.259
383.3,-2202494.710,-4664761.241,3739734.358
383.4,-2202494.758,-4664761.139,3739734.458
383.5,-2202494.805,-4664761.036,3739734.557
383.6,-2202494.853,-4664760.933,3739734.657
383.7,-2202494.900,-4664760.831,3739734.756
383.8,-2202494.948,-4664760.728,3739734.855
383.9,-2202494.995,-4664760.625,3739734.955
384.0,-2202495.043,-4664760.523,3739735.054
384.1,-2202495.090,-4664760.420,3739735.153
384.2,-2202495.138,-4664760.318,3739735.253
384.3,-2202495.185,-4664760.215,3739735.352
384.4,-2202495.233,-4664760.112,3739735.452
384.5,-2202495.281,-4664760.010,3739735.551
384.6,-2202495.328,-4664759.907,3739735.650
384.7,-2202495.376,-4664759.805,3739735.750
384.8,-2202495.423,-4664759.702,3739735.849
384.9,-2202495.471,-4664759.599,3739735.948
385.0,-2202495.518,-4664759.497,3739736.048
385.1,-2202495.566,-4664759.394,3739736.147
385.2,-2202495.613,-4664759.291,3739736.246
385.3,-2202495.661,-4664759.189,3739736.346
385.4,-2202495.708,-4664759.086,3739736.445
385.5,-2202495.756,-4664758.984,3739736.545
385.6,-2202495.803,-4664758.881,3739736.644
385.7,-2202495.851,-4664758.778,3739736.743
385.8,-2202495.898,-4664758.676,3739736.843
385.9,-2202495.946,-4664758.573,3739736.942
386.0,-2202495.993,-4664758.471,3739737.041
386.1,-2202496.041,-4664758.368,3739737.141
386.2,-2202496.088,-4664758.265,3739737.240
386.3,-2202496.136,-4664758.163,3739737.339
386.4,-2202496.183,-4664758.060,3739737.439
386.5,-2202496.231,-4664757.957,3739737.538
386.6,-2202496.278,-4664757.855,3739737.638
386.7,-2202496.326,-4664757.752,3739737.737
386.8,-2202496.373,-4664757.650,3739737.836
386.9,-2202496.421,-4664757.547,3739737.936
387.0,-2202496.468,-4664757.444,3739738.035
387.1,-2202496.516,-4664757.342,3739738.134
387.2,-2202496.563,-4664757.239,3739738.234
387.3,-2202496.611,-4664757.137,3739738.333
387.4,-2202496.659,-4664757.034,3739738.432
387.5,-2202496.706,-4664756.931,3739738.532
387.6,-2202496.754,-4664756.829,3739738.631
387.7,-2202496.801,-4664756.726,3739738.731
387.8,-2202496.849,-4664756.623,3739738.830
387.9,-2202496.896,-4664756.521,3739738.929
388.0,-2202496.944,-4664756.418,3739739.029
388.1,-2202496.991,-4664756.316,3739739.128
388.2,-2202497.039,-4664756.213,3739739.227
388.3,-2202497.086,-4664756.110,3739739.327
388.4,-2202497.134,-4664756.008,3739739.426
388.5,-2202497.181,-4664755.905,3739739.526
388.6,-2202497.229,-4664755.803,3739739.625
388.7,-2202497.276,-4664755.700,3739739.724
388.8,-2202497.324,-4664755.597,3739739.824
388.9,-2202497.371,-4664755.495,3739739.923
389.0,-2202497.419,-4664755.392,3739740.022
389.1,-2202497.466,-4664755.289,3739740.122
389.2,-2202497.514,-4664755.187,3739740.221
389.3,-2202497.561,-4664755.084,3739740.320
389.4,-2202497.609,-4664754.982,3739740.420
389.5,-2202497.656,-4664754.879,3739740.519
389.6,-2202497.704,-4664754.776,3739740.619
389.7,-2202497.751,-4664754.674,3739740.718
389.8,-2202497.799,-4664754.571,3739740.817
389.9,-2202497.846,-4664754.469,3739740.917
390.0,-2202497.894,-4664754.366,3739741.016
390.1,-2202497.941,-4664754.263,3739741.115
390.2,-2202497.989,-4664754.161,3739741.215
390.3,-2202498.036,-4664754.058,3739741.314
390.4,-2202498.084,-4664753.955,3739741.413
390.5,-2202498.132,-4664753.853,3739741.513
390.6,-2202498.179,-4664753.750,3739741.612
390.7,-2202498.227,-4664753.648,3739741.712
390.8,-2202498.274,-4664753.545,3739741.811
390.9,-2202498.322,-4664753.442,3739741.910
391.0,-2202498.369,-4664753.340,3739742.010
391.1,-2202498.417,-4664753.237,3739742.109
391.2,-2202498.464,-4664753.135,3739742.208
391.3,-2202498.512,-4664753.032,3739742.308
391.4,-2202498.559,-4664752.929,3739742.407
391.5,-2202498.607,-4664752.827,3739742.507
391.6,-2202498.654,-4664752.724,3739742.606
391.7,-2202498.702,-4664752.621,3739742.705
391.8,-2202498.749,-4664752.519,3739742.805
391.9,-2202498.797,-4664752.416,3739742.904
392.0,-2202498.844,-4664752.314,3739743.003
392.1,-2202498.892,-4664752.211,3739743.103
392.2,-2202498.939,-4664752.108,3739743.202
392.3,-2202498.987,-4664752.006,3739743.301
392.4,-2202499.034,-4664751.903,3739743.401
392.5,-2202499.082,-4664751.800,3739743.500
392.6,-2202499.129,-4664751.698,3739743.600
392.7,-2202499.177,-4664751.595,3739743.699
392.8,-2202499.224,-4664751.493,3739743.798
392.9,-2202499.272,-4664751.390,3739743.898
393.0,-2202499.319,-4664751.287,3739743.997
393.1,-2202499.367,-4664751.185,3739744.096
393.2,-2202499.414,-4664751.082,3739744.196
393.3,-2202499.462,-4664750.980,3739744.295
393.4,-2202499.510,-4664750.877,3739744.394
393.5,-2202499.557,-4664750.774,3739744.494
393.6,-2202499.605,-4664750.672,3739744.593
393.7,-2202499.652,-4664750.569,3739744.693
393.8,-2202499.700,-4664750.466,3739744.792
393.9,-2202499.747,-4664750.364,3739744.891
394.0,-2202499.795,-4664750.261,3739744.991
394.1,-2202499.842,-4664750.159,3739745.090
394.2,-2202499.890,-4664750.056,3739745.189
394.3,-2202499.937,-4664749.953,3739745.289
394.4,-2202499.985,-4664749.851,3739745.388
394.5,-2202500.032,-4664749.748,3739745.488
394.6,-2202500.080,-4664749.646,3739745.587
394.7,-2202500.127,-4664749.543,3739745.686
394.8,-2202500.175,-4664749.440,3739745.786
394.9,-2202500.222,-4664749.338,3739745.885
395.0,-2202500.270,-4664749.235,3739745.984
395.1,-2202500.317,-4664749.132,3739746.084
395.2,-2202500.365,-4664749.030,3739746.183
395.3,-2202500.412,-4664748.927,3739746.282
395.4,-2202500.460,-4664748.825,3739746.382
395.5,-2202500.507,-4664748.722,3739746.481
395.6,-2202500.555,-4664748.619,3739746.581
395.7,-2202500.602,-4664748.517,3739746.680
395.8,-2202500.650,-4664748.414,3739746.779
395.9,-2202500.697,-4664748.312,3739746.879
396.0,-2202500.745,-4664748.209,3739746.978
396.1,-2202500.792,-4664748.106,3739747.077
396.2,-2202500.840,-4664748.004,3739747.177
396.3,-2202500.888,-4664747.901,3739747.276
396.4,-2202500.935,-4664747.798,3739747.375
396.5,-2202500.983,-4664747.696,3739747.475
396.6,-2202501.030,-4664747.593,3739747.574
396.7,-2202501.078,-4664747.491,3739747.674
396.8,-2202501.125,-4664747.388,3739747.773
396.9,-2202501.173,-4664747.285,3739747.872
397.0,-2202501.220,-4664747.183,3739747.972
397.1,-2202501.268,-4664747.080,3739748.071
397.2,-2202501.315,-4664746.978,3739748.170
397.3,-2202501.363,-4664746.875,3739748.270
397.4,-2202501.410,-4664746.772,3739748.369
397.5,-2202501.458,-4664746.670,3739748.468
397.6,-2202501.505,-4664746.567,3739748.568
397.7,-2202501.553,-4664746.464,3739748.667
397.8,-2202501.600,-4664746.362,3739748.767
397.9,-2202501.648,-4664746.259,3739748.866
398.0,-2202501.695,-4664746.157,3739748.965
398.1,-2202501.743,-4664746.054,3739749.065
398.2,-2202501.790,-4664745.951,3739749.164
398.3,-2202501.838,-4664745.849,3739749.263
398.4,-2202501.885,-4664745.746,3739749.363
398.5,-2202501.933,-4664745.644,3739749.462
398.6,-2202501.980,-4664745.541,3739749.562
398.7,-2202502.028,-4664745.438,3739749.661
398.8,-2202502.075,-4664745.336,3739749.760
398.9,-2202502.123,-4664745.233,3739749.860
399.0,-2202502.170,-4664745.130,3739749.959
399.1,-2202502.218,-4664745.028,3739750.058
399.2,-2202502.265,-4664744.925,3739750.158
399.3,-2202502.313,-4664744.823,3739750.257
399.4,-2202502.361,-4664744.720,3739750.356
399.5,-2202502.408,-4664744.617,3739750.456
399.6,-2202502.456,-4664744.515,3739750.555
399.7,-2202502.503,-4664744.412,3739750.655
399.8,-2202502.551,-4664744.310,3739750.754
399.9,-2202502.598,-4664744.207,3739750.853
400.0,-2202502.646,-4664744.104,3739750.953
400.1,-2202502.693,-4664744.002,3739751.052
400.2,-2202502.741,-4664743.899,3739751.151
400.3,-2202502.788,-4664743.796,3739751.251
400.4,-2202502.836,-4664743.694,3739751.350
400.5,-2202502.883,-4664743.591,3739751.449
400.6,-2202502.931,-4664743.489,3739751.549
400.7,-2202502.978,-4664743.386,3739751.648
400.8,-2202503.026,-4664743.283,3739751.748
400.9,-2202503.073,-4664743.181,3739751.847
401.0,-2202503.121,-4664743.078,3739751.946
401.1,-2202503.168,-4664742.976,3739752.046
401.2,-2202503.216,-4664742.873,3739752.145
401.3,-2202503.263,-4664742.770,3739752.244
401.4,-2202503.311,-4664742.668,3739752.344
401.5,-2202503.358,-4664742.565,3739752.443
401.6,-2202503.406,-4664742.462,3739752.543
401.7,-2202503.453,-4664742.360,3739752.642
401.8,-2202503.501,-4664742.257,3739752.741
401.9,-2202503.548,-4664742.155,3739752.841
402.0,-2202503.596,-4664742.052,3739752.940
402.1,-2202503.643,-4664741.949,3739753.039
402.2,-2202503.691,-4664741.847,3739753.139
402.3,-2202503.739,-4664741.744,3739753.238
402.4,-2202503.786,-4664741.642,3739753.337
402.5,-2202503.834,-4664741.539,3739753.437
402.6,-2202503.881,-4664741.436,3739753.536
402.7,-2202503.929,-4664741.334,3739753.636
402.8,-2202503.976,-4664741.231,3739753.735
402.9,-2202504.024,-4664741.128,3739753.834
403.0,-2202504.071,-4664741.026,3739753.934
403.1,-2202504.119,-4664740.923,3739754.033
403.2,-2202504.166,-4664740.821,3739754.132
403.3,-2202504.214,-4664740.718,3739754.232
403.4,-2202504.261,-4664740.615,3739754.331
403.5,-2202504.309,-4664740.513,3739754.430
403.6,-2202504.356,-4664740.410,3739754.530
403.7,-2202504.404,-4664740.307,3739754.629
403.8,-2202504.451,-4664740.205,3739754.729
403.9,-2202504.499,-4664740.102,3739754.828
404.0,-2202504.546,-4664740.000,3739754.927
404.1,-2202504.594,-4664739.897,3739755.027
404.2,-2202504.641,-4664739.794,3739755.126
404.3,-2202504.689,-4664739.692,3739755.225
404.4,-2202504.736,-4664739.589,3739755.325
404.5,-2202504.784,-4664739.487,3739755.424
404.6,-2202504.831,-4664739.384,3739755.523
404.7,-2202504.879,-4664739.281,3739755.623
404.8,-2202504.926,-4664739.179,3739755.722
404.9,-2202504.974,-4664739.076,3739755.822
405.0,-2202505.021,-4664738.973,3739755.921
405.1,-2202505.069,-4664738.871,3739756.020
405.2,-2202505.117,-4664738.768,3739756.120
405.3,-2202505.164,-4664738.666,3739756.219
405.4,-2202505.212,-4664738.563,3739756.318
405.5,-2202505.259,-4664738.460,3739756.418
405.6,-2202505.307,-4664738.358,3739756.517
405.7,-2202505.354,-4664738.255,3739756.617
405.8,-2202505.402,-4664738.153,3739756.716
405.9,-2202505.449,-4664738.050,3739756.815
406.0,-2202505.497,-4664737.947,3739756.915
406.1,-2202505.544,-4664737.845,3739757.014
406.2,-2202505.592,-4664737.742,3739757.113
406.3,-2202505.639,-4664737.639,3739757.213
406.4,-2202505.687,-4664737.537,3739757.312
406.5,-2202505.734,-4664737.434,3739757.411
406.6,-2202505.782,-4664737.332,3739757.511
406.7,-2202505.829,-4664737.229,3739757.610
406.8,-2202505.877,-4664737.126,3739757.710
406.9,-2202505.924,-4664737.024,3739757.809
407.0,-2202505.972,-4664736.921,3739757.908
407.1,-2202506.019,-4664736.819,3739758.008
407.2,-2202506.067,-4664736.716,3739758.107
407.3,-2202506.114,-4664736.613,3739758.206
407.4,-2202506.162,-4664736.511,3739758.306
407.5,-2202506.209,-4664736.408,3739758.405
407.6,-2202506.257,-4664736.305,3739758.504
407.7,-2202506.304,-4664736.203,3739758.604
407.8,-2202506.352,-4664736.100,3739758.703
407.9,-2202506.399,-4664735.998,3739758.803
408.0,-2202506.447,-4664735.895,3739758.902
408.1,-2202506.494,-4664735.792,3739759.001
408.2,-2202506.542,-4664735.690,3739759.101
408.3,-2202506.590,-4664735.587,3739759.200
408.4,-2202506.637,-4664735.485,3739759.299
408.5,-2202506.685,-4664735.382,3739759.399
408.6,-2202506.732,-4664735.279,3739759.498
408.7,-2202506.780,-4664735.177,3739759.598
408.8,-2202506.827,-4664735.074,3739759.697
408.9,-2202506.875,-4664734.971,3739759.796
409.0,-2202506.922,-4664734.869,3739759.896
409.1,-2202506.970,-4664734.766,3739759.995
409.2,-2202507.017,-4664734.664,3739760.094
409.3,-2202507.065,-4664734.561,3739760.194
409.4,-2202507.112,-4664734.458,3739760.293
409.5,-2202507.160,-4664734.356,3739760.392
409.6,-2202507.207,-4664734.253,3739760.492
409.7,-2202507.255,-4664734.151,3739760.591
409.8,-2202507.302,-4664734.048,3739760.691
409.9,-2202507.350,-4664733.945,3739760.790
410.0,-2202507.397,-4664733.843,3739760.889
410.1,-2202507.445,-4664733.740,3739760.989
410.2,-2202507.492,-4664733.637,3739761.088
410.3,-2202507.540,-4664733.535,3739761.187
410.4,-2202507.587,-4664733.432,3739761.287
410.5,-2202507.635,-4664733.330,3739761.386
410.6,-2202507.682,-4664733.227,3739761.485
410.7,-2202507.730,-4664733.124,3739761.585
410.8,-2202507.777,-4664733.022,3739761.684
410.9,-2202507.825,-4664732.919,3739761.784
411.0,-2202507.872,-4664732.817,3739761.883
411.1,-2202507.920,-4664732.714,3739761.982
411.2,-2202507.968,-4664732.611,3739762.082
411.3,-2202508.015,-4664732.509,3739762.181
411.4,-2202508.063,-4664732.406,3739762.280
411.5,-2202508.110,-4664732.303,3739762.380
411.6,-2202508.158,-4664732.201,3739762.479
411.7,-2202508.205,-4664732.098,3739762.579
411.8,-2202508.253,-4664731.996,3739762.678
411.9,-2202508.300,-4664731.893,3739762.777
412.0,-2202508.348,-4664731.790,3739762.877
412.1,-2202508.395,-4664731.688,3739762.976
412.2,-2202508.443,-4664731.585,3739763.075
412.3,-2202508.490,-4664731.483,3739763.175
412.4,-2202508.538,-4664731.380,3739763.274
412.5,-2202508.585,-4664731.277,3739763.373
412.6,-2202508.633,-4664731.175,3739763.473
412.7,-2202508.680,-4664731.072,3739763.572
412.8,-2202508.728,-4664730.969,3739763.672
412.9,-2202508.775,-4664730.867,3739763.771
413.0,-2202508.823,-4664730.764,3739763.870
413.1,-2202508.870,-4664730.662,3739763.970
413.2,-2202508.918,-4664730.559,3739764.069
413.3,-2202508.965,-4664730.456,3739764.168
413.4,-2202509.013,-4664730.354,3739764.268
413.5,-2202509.060,-4664730.251,3739764.367
413.6,-2202509.108,-4664730.149,3739764.466
413.7,-2202509.155,-4664730.046,3739764.566
413.8,-2202509.203,-4664729.943,3739764.665
413.9,-2202509.250,-4664729.841,3739764.765
414.0,-2202509.298,-4664729.738,3739764.864
414.1,-2202509.346,-4664729.635,3739764.963
414.2,-2202509.393,-4664729.533,3739765.063
414.3,-2202509.441,-4664729.430,3739765.162
414.4,-2202509.488,-4664729.328,3739765.261
414.5,-2202509.536,-4664729.225,3739765.361
414.6,-2202509.583,-4664729.122,3739765.460
414.7,-2202509.631,-4664729.020,3739765.559
414.8,-2202509.678,-4664728.917,3739765.659
414.9,-2202509.726,-4664728.814,3739765.758
415.0,-2202509.773,-4664728.712,3739765.858
415.1,-2202509.821,-4664728.609,3739765.957
415.2,-2202509.868,-4664728.507,3739766.056
415.3,-2202509.916,-4664728.404,3739766.156
415.4,-2202509.963,-4664728.301,3739766.255
415.5,-2202510.011,-4664728.199,3739766.354
415.6,-2202510.058,-4664728.096,3739766.454
415.7,-2202510.106,-4664727.994,3739766.553
415.8,-2202510.153,-4664727.891,3739766.653
415.9,-2202510.201,-4664727.788,3739766.752
416.0,-2202510.248,-4664727.686,3739766.851
416.1,-2202510.296,-4664727.583,3739766.951
416.2,-2202510.343,-4664727.480,3739767.050
416.3,-2202510.391,-4664727.378,3739767.149
416.4,-2202510.438,-4664727.275,3739767.249
416.5,-2202510.486,-4664727.173,3739767.348
416.6,-2202510.533,-4664727.070,3739767.447
416.7,-2202510.581,-4664726.967,3739767.547
416.8,-2202510.628,-4664726.865,3739767.646
416.9,-2202510.676,-4664726.762,3739767.746
417.0,-2202510.723,-4664726.660,3739767.845
417.1,-2202510.771,-4664726.557,3739767.944
417.2,-2202510.819,-4664726.454,3739768.044
417.3,-2202510.866,-4664726.352,3739768.143
417.4,-2202510.914,-4664726.249,3739768.242
417.5,-2202510.961,-4664726.146,3739768.342
417.6,-2202511.009,-4664726.044,3739768.441
417.7,-2202511.056,-4664725.941,3739768.540
417.8,-2202511.104,-4664725.839,3739768.640
417.9,-2202511.151,-4664725.736,3739768.739
418.0,-2202511.199,-4664725.633,3739768.839
418.1,-2202511.246,-4664725.531,3739768.938
418.2,-2202511.294,-4664725.428,3739769.037
418.3,-2202511.341,-4664725.326,3739769.137
418.4,-2202511.389,-4664725.223,3739769.236
418.5,-2202511.436,-4664725.120,3739769.335
418.6,-2202511.484,-4664725.018,3739769.435
418.7,-2202511.531,-4664724.915,3739769.534
418.8,-2202511.579,-4664724.812,3739769.634
418.9,-2202511.626,-4664724.710,3739769.733
419.0,-2202511.674,-4664724.607,3739769.832
419.1,-2202511.721,-4664724.505,3739769.932
419.2,-2202511.769,-4664724.402,3739770.031
419.3,-2202511.816,-4664724.299,3739770.130
419.4,-2202511.864,-4664724.197,3739770.230
419.5,-2202511.911,-4664724.094,3739770.329
419.6,-2202511.959,-4664723.992,3739770.428
419.7,-2202512.006,-4664723.889,3739770.528
419.8,-2202512.054,-4664723.786,3739770.627
419.9,-2202512.101,-4664723.684,3739770.727
420.0,-2202512.149,-4664723.581,3739770.826
420.1,-2202512.197,-4664723.478,3739770.925
420.2,-2202512.244,-4664723.376,3739771.025
420.3,-2202512.292,-4664723.273,3739771.124
420.4,-2202512.339,-4664723.171,3739771.223
420.5,-2202512.387,-4664723.068,3739771.323
420.6,-2202512.434,-4664722.965,3739771.422
420.7,-2202512.482,-4664722.863,3739771.521
420.8,-2202512.529,-4664722.760,3739771.621
420.9,-2202512.577,-4664722.658,3739771.720
421.0,-2202512.624,-4664722.555,3739771.820
421.1,-2202512.672,-4664722.452,3739771.919
421.2,-2202512.719,-4664722.350,3739772.018
421.3,-2202512.767,-4664722.247,3739772.118
421.4,-2202512.814,-4664722.144,3739772.217
421.5,-2202512.862,-4664722.042,3739772.316
421.6,-2202512.909,-4664721.939,3739772.416
421.7,-2202512.957,-4664721.837,3739772.515
421.8,-2202513.004,-4664721.734,3739772.614
421.9,-2202513.052,-4664721.631,3739772.714
422.0,-2202513.099,-4664721.529,3739772.813
422.1,-2202513.147,-4664721.426,3739772.913
422.2,-2202513.194,-4664721.324,3739773.012
422.3,-2202513.242,-4664721.221,3739773.111
422.4,-2202513.289,-4664721.118,3739773.211
422.5,-2202513.337,-4664721.016,3739773.310
422.6,-2202513.384,-4664720.913,3739773.409
422.7,-2202513.432,-4664720.810,3739773.509
422.8,-2202513.479,-4664720.708,3739773.608
422.9,-2202513.527,-4664720.605,3739773.708
423.0,-2202513.575,-4664720.503,3739773.807
423.1,-2202513.622,-4664720.400,3739773.906
423.2,-2202513.670,-4664720.297,3739774.006
423.3,-2202513.717,-4664720.195,3739774.105
423.4,-2202513.765,-4664720.092,3739774.204
423.5,-2202513.812,-4664719.990,3739774.304
423.6,-2202513.860,-4664719.887,3739774.403
423.7,-2202513.907,-4664719.784,3739774.502
423.8,-2202513.955,-4664719.682,3739774.602
423.9,-2202514.002,-4664719.579,3739774.701
424.0,-2202514.050,-4664719.476,3739774.801
424.1,-2202514.097,-4664719.374,3739774.900
424.2,-2202514.145,-4664719.271,3739774.999
424.3,-2202514.192,-4664719.169,3739775.099
424.4,-2202514.240,-4664719.066,3739775.198
424.5,-2202514.287,-4664718.963,3739775.297
424.6,-2202514.335,-4664718.861,3739775.397
424.7,-2202514.382,-4664718.758,3739775.496
424.8,-2202514.430,-4664718.656,3739775.595
424.9,-2202514.477,-4664718.553,3739775.695
425.0,-2202514.525,-4664718.450,3739775.794
425.1,-2202514.572,-4664718.348,3739775.894
425.2,-2202514.620,-4664718.245,3739775.993
425.3,-2202514.667,-4664718.142,3739776.092
425.4,-2202514.715,-4664718.040,3739776.192
425.5,-2202514.762,-4664717.937,3739776.291
425.6,-2202514.810,-4664717.835,3739776.390
425.7,-2202514.857,-4664717.732,3739776.490
425.8,-2202514.905,-4664717.629,3739776.589
425.9,-2202514.952,-4664717.527,3739776.689
426.0,-2202515.000,-4664717.424,3739776.788
426.1,-2202515.048,-4664717.321,3739776.887
426.2,-2202515.095,-4664717.219,3739776.987
426.3,-2202515.143,-4664717.116,3739777.086
426.4,-2202515.190,-4664717.014,3739777.185
426.5,-2202515.238,-4664716.911,3739777.285
426.6,-2202515.285,-4664716.808,3739777.384
426.7,-2202515.333,-4664716.706,3739777.483
426.8,-2202515.380,-4664716.603,3739777.583
426.9,-2202515.428,-4664716.501,3739777.682
427.0,-2202515.475,-4664716.398,3739777.782
427.1,-2202515.523,-4664716.295,3739777.881
427.2,-2202515.570,-4664716.193,3739777.980
427.3,-2202515.618,-4664716.090,3739778.080
427.4,-2202515.665,-4664715.987,3739778.179
427.5,-2202515.713,-4664715.885,3739778.278
427.6,-2202515.760,-4664715.782,3739778.378
427.7,-2202515.808,-4664715.680,3739778.477
427.8,-2202515.855,-4664715.577,3739778.576
427.9,-2202515.903,-4664715.474,3739778.676
428.0,-2202515.950,-4664715.372,3739778.775
428.1,-2202515.998,-4664715.269,3739778.875
428.2,-2202516.045,-4664715.167,3739778.974
428.3,-2202516.093,-4664715.064,3739779.073
428.4,-2202516.140,-4664714.961,3739779.173
428.5,-2202516.188,-4664714.859,3739779.272
428.6,-2202516.235,-4664714.756,3739779.371
428.7,-2202516.283,-4664714.653,3739779.471
428.8,-2202516.330,-4664714.551,3739779.570
428.9,-2202516.378,-4664714.448,3739779.670
429.0,-2202516.426,-4664714.346,3739779.769
429.1,-2202516.473,-4664714.243,3739779.868
429.2,-2202516.521,-4664714.140,3739779.968
429.3,-2202516.568,-4664714.038,3739780.067
429.4,-2202516.616,-4664713.935,3739780.166
429.5,-2202516.663,-4664713.833,3739780.266
429.6,-2202516.711,-4664713.730,3739780.365
429.7,-2202516.758,-4664713.627,3739780.464
429.8,-2202516.806,-4664713.525,3739780.564
429.9,-2202516.853,-4664713.422,3739780.663
430.0,-2202516.901,-4664713.319,3739780.763
430.1,-2202516.948,-4664713.217,3739780.862
430.2,-2202516.996,-4664713.114,3739780.961
430.3,-2202517.043,-4664713.012,3739781.061
430.4,-2202517.091,-4664712.909,3739781.160
430.5,-2202517.138,-4664712.806,3739781.259
430.6,-2202517.186,-4664712.704,3739781.359
430.7,-2202517.233,-4664712.601,3739781.458
430.8,-2202517.281,-4664712.499,3739781.557
430.9,-2202517.328,-4664712.396,3739781.657
431.0,-2202517.376,-4664712.293,3739781.756
431.1,-2202517.423,-4664712.191,3739781.856
431.2,-2202517.471,-4664712.088,3739781.955
431.3,-2202517.518,-4664711.985,3739782.054
431.4,-2202517.566,-4664711.883,3739782.154
431.5,-2202517.613,-4664711.780,3739782.253
431.6,-2202517.661,-4664711.678,3739782.352
431.7,-2202517.708,-4664711.575,3739782.452
431.8,-2202517.756,-4664711.472,3739782.551
431.9,-2202517.804,-4664711.370,3739782.650
432.0,-2202517.851,-4664711.267,3739782.750
432.1,-2202517.899,-4664711.165,3739782.849
432.2,-2202517.946,-4664711.062,3739782.949
432.3,-2202517.994,-4664710.959,3739783.048
432.4,-2202518.041,-4664710.857,3739783.147
432.5,-2202518.089,-4664710.754,3739783.247
432.6,-2202518.136,-4664710.651,3739783.346
432.7,-2202518.184,-4664710.549,3739783.445
432.8,-2202518.231,-4664710.446,3739783.545
432.9,-2202518.279,-4664710.344,3739783.644
433.0,-2202518.326,-4664710.241,3739783.744
433.1,-2202518.374,-4664710.138,3739783.843
433.2,-2202518.421,-4664710.036,3739783.942
433.3,-2202518.469,-4664709.933,3739784.042
433.4,-2202518.516,-4664709.831,3739784.141
433.5,-2202518.564,-4664709.728,3739784.240
433.6,-2202518.611,-4664709.625,3739784.340
433.7,-2202518.659,-4664709.523,3739784.439
433.8,-2202518.706,-4664709.420,3739784.538
433.9,-2202518.754,-4664709.317,3739784.638
434.0,-2202518.801,-4664709.215,3739784.737
434.1,-2202518.849,-4664709.112,3739784.837
434.2,-2202518.896,-4664709.010,3739784.936
434.3,-2202518.944,-4664708.907,3739785.035
434.4,-2202518.991,-4664708.804,3739785.135
434.5,-2202519.039,-4664708.702,3739785.234
434.6,-2202519.086,-4664708.599,3739785.333
434.7,-2202519.134,-4664708.497,3739785.433
434.8,-2202519.181,-4664708.394,3739785.532
434.9,-2202519.229,-4664708.291,3739785.631
435.0,-2202519.277,-4664708.189,3739785.731
435.1,-2202519.324,-4664708.086,3739785.830
435.2,-2202519.372,-4664707.983,3739785.930
435.3,-2202519.419,-4664707.881,3739786.029
435.4,-2202519.467,-4664707.778,3739786.128
435.5,-2202519.514,-4664707.676,3739786.228
435.6,-2202519.562,-4664707.573,3739786.327
435.7,-2202519.609,-4664707.470,3739786.426
435.8,-2202519.657,-4664707.368,3739786.526
435.9,-2202519.704,-4664707.265,3739786.625
436.0,-2202519.752,-4664707.163,3739786.725
436.1,-2202519.799,-4664707.060,3739786.824
436.2,-2202519.847,-4664706.957,3739786.923
436.3,-2202519.894,-4664706.855,3739787.023
436.4,-2202519.942,-4664706.752,3739787.122
436.5,-2202519.989,-4664706.649,3739787.221
436.6,-2202520.037,-4664706.547,3739787.321
436.7,-2202520.084,-4664706.444,3739787.420
436.8,-2202520.132,-4664706.342,3739787.519
436.9,-2202520.179,-4664706.239,3739787.619
437.0,-2202520.227,-4664706.136,3739787.718
437.1,-2202520.274,-4664706.034,3739787.818
437.2,-2202520.322,-4664705.931,3739787.917
437.3,-2202520.369,-4664705.828,3739788.016
437.4,-2202520.417,-4664705.726,3739788.116
437.5,-2202520.464,-4664705.623,3739788.215
437.6,-2202520.512,-4664705.521,3739788.314
437.7,-2202520.559,-4664705.418,3739788.414
437.8,-2202520.607,-4664705.315,3739788.513
437.9,-2202520.655,-4664705.213,3739788.612
438.0,-2202520.702,-4664705.110,3739788.712
438.1,-2202520.750,-4664705.008,3739788.811
438.2,-2202520.797,-4664704.905,3739788.911
438.3,-2202520.845,-4664704.802,3739789.010
438.4,-2202520.892,-4664704.700,3739789.109
438.5,-2202520.940,-4664704.597,3739789.209
438.6,-2202520.987,-4664704.494,3739789.308
438.7,-2202521.035,-4664704.392,3739789.407
438.8,-2202521.082,-4664704.289,3739789.507
438.9,-2202521.130,-4664704.187,3739789.606
439.0,-2202521.177,-4664704.084,3739789.705
439.1,-2202521.225,-4664703.981,3739789.805
439.2,-2202521.272,-4664703.879,3739789.904
439.3,-2202521.320,-4664703.776,3739790.004
439.4,-2202521.367,-4664703.674,3739790.103
439.5,-2202521.415,-4664703.571,3739790.202
439.6,-2202521.462,-4664703.468,3739790.302
439.7,-2202521.510,-4664703.366,3739790.401
439.8,-2202521.557,-4664703.263,3739790.500
439.9,-2202521.605,-4664703.160,3739790.600
440.0,-2202521.652,-4664703.058,3739790.699
440.1,-2202521.700,-4664702.955,3739790.799
440.2,-2202521.747,-4664702.853,3739790.898
440.3,-2202521.795,-4664702.750,3739790.997
440.4,-2202521.842,-4664702.647,3739791.097
440.5,-2202521.890,-4664702.545,3739791.196
440.6,-2202521.937,-4664702.442,3739791.295
440.7,-2202521.985,-4664702.340,3739791.395
440.8,-2202522.033,-4664702.237,3739791.494
440.9,-2202522.080,-4664702.134,3739791.593
441.0,-2202522.128,-4664702.032,3739791.693
441.1,-2202522.175,-4664701.929,3739791.792
441.2,-2202522.223,-4664701.826,3739791.892
441.3,-2202522.270,-4664701.724,3739791.991
441.4,-2202522.318,-4664701.621,3739792.090
441.5,-2202522.365,-4664701.519,3739792.190
441.6,-2202522.413,-4664701.416,3739792.289
441.7,-2202522.460,-4664701.313,3739792.388
441.8,-2202522.508,-4664701.211,3739792.488
441.9,-2202522.555,-4664701.108,3739792.587
442.0,-2202522.603,-4664701.006,3739792.686
442.1,-2202522.650,-4664700.903,3739792.786
442.2,-2202522.698,-4664700.800,3739792.885
442.3,-2202522.745,-4664700.698,3739792.985
442.4,-2202522.793,-4664700.595,3739793.084
442.5,-2202522.840,-4664700.492,3739793.183
442.6,-2202522.888,-4664700.390,3739793.283
442.7,-2202522.935,-4664700.287,3739793.382
442.8,-2202522.983,-4664700.185,3739793.481
442.9,-2202523.030,-4664700.082,3739793.581
443.0,-2202523.078,-4664699.979,3739793.680
443.1,-2202523.125,-4664699.877,3739793.780
443.2,-2202523.173,-4664699.774,3739793.879
443.3,-2202523.220,-4664699.672,3739793.978
443.4,-2202523.268,-4664699.569,3739794.078
443.5,-2202523.315,-4664699.466,3739794.177
443.6,-2202523.363,-4664699.364,3739794.276
443.7,-2202523.410,-4664699.261,3739794.376
443.8,-2202523.458,-4664699.158,3739794.475
443.9,-2202523.506,-4664699.056,3739794.574
444.0,-2202523.553,-4664698.953,3739794.674
444.1,-2202523.601,-4664698.851,3739794.773
444.2,-2202523.648,-4664698.748,3739794.873
444.3,-2202523.696,-4664698.645,3739794.972
444.4,-2202523.743,-4664698.543,3739795.071
444.5,-2202523.791,-4664698.440,3739795.171
444.6,-2202523.838,-4664698.338,3739795.270
444.7,-2202523.886,-4664698.235,3739795.369
444.8,-2202523.933,-4664698.132,3739795.469
444.9,-2202523.981,-4664698.030,3739795.568
445.0,-2202524.028,-4664697.927,3739795.667
445.1,-2202524.076,-4664697.824,3739795.767
445.2,-2202524.123,-4664697.722,3739795.866
445.3,-2202524.171,-4664697.619,3739795.966
445.4,-2202524.218,-4664697.517,3739796.065
445.5,-2202524.266,-4664697.414,3739796.164
445.6,-2202524.313,-4664697.311,3739796.264
445.7,-2202524.361,-4664697.209,3739796.363
445.8,-2202524.408,-4664697.106,3739796.462
445.9,-2202524.456,-4664697.004,3739796.562
446.0,-2202524.503,-4664696.901,3739796.661
446.1,-2202524.551,-4664696.798,3739796.761
446.2,-2202524.598,-4664696.696,3739796.860
446.3,-2202524.646,-4664696.593,3739796.959
446.4,-2202524.693,-4664696.490,3739797.059
446.5,-2202524.741,-4664696.388,3739797.158
446.6,-2202524.788,-4664696.285,3739797.257
446.7,-2202524.836,-4664696.183,3739797.357
446.8,-2202524.884,-4664696.080,3739797.456
446.9,-2202524.931,-4664695.977,3739797.555
447.0,-2202524.979,-4664695.875,3739797.655
447.1,-2202525.026,-4664695.772,3739797.754
447.2,-2202525.074,-4664695.670,3739797.854
447.3,-2202525.121,-4664695.567,3739797.953
447.4,-2202525.169,-4664695.464,3739798.052
447.5,-2202525.216,-4664695.362,3739798.152
447.6,-2202525.264,-4664695.259,3739798.251
447.7,-2202525.311,-4664695.156,3739798.350
447.8,-2202525.359,-4664695.054,3739798.450
447.9,-2202525.406,-4664694.951,3739798.549
448.0,-2202525.454,-4664694.849,3739798.648
448.1,-2202525.501,-4664694.746,3739798.748
448.2,-2202525.549,-4664694.643,3739798.847
448.3,-2202525.596,-4664694.541,3739798.947
448.4,-2202525.644,-4664694.438,3739799.046
448.5,-2202525.691,-4664694.335,3739799.145
448.6,-2202525.739,-4664694.233,3739799.245
448.7,-2202525.786,-4664694.130,3739799.344
448.8,-2202525.834,-4664694.028,3739799.443
448.9,-2202525.881,-4664693.925,3739799.543
449.0,-2202525.929,-4664693.822,3739799.642
449.1,-2202525.976,-4664693.720,3739799.741
449.2,-2202526.024,-4664693.617,3739799.841
449.3,-2202526.071,-4664693.515,3739799.940
449.4,-2202526.119,-4664693.412,3739800.040
449.5,-2202526.166,-4664693.309,3739800.139
449.6,-2202526.214,-4664693.207,3739800.238
449.7,-2202526.262,-4664693.104,3739800.338
449.8,-2202526.309,-4664693.001,3739800.437
449.9,-2202526.357,-4664692.899,3739800.536
450.0,-2202526.404,-4664692.796,3739800.636
450.1,-2202526.452,-4664692.694,3739800.735
450.2,-2202526.499,-4664692.591,3739800.835
450.3,-2202526.547,-4664692.488,3739800.934
450.4,-2202526.594,-4664692.386,3739801.033
450.5,-2202526.642,-4664692.283,3739801.133
450.6,-2202526.689,-4664692.181,3739801.232
450.7,-2202526.737,-4664692.078,3739801.331
450.8,-2202526.784,-4664691.975,3739801.431
450.9,-2202526.832,-4664691.873,3739801.530
451.0,-2202526.879,-4664691.770,3739801.629
451.1,-2202526.927,-4664691.667,3739801.729
451.2,-2202526.974,-4664691.565,3739801.828
451.3,-2202527.022,-4664691.462,3739801.928
451.4,-2202527.069,-4664691.360,3739802.027
451.5,-2202527.117,-4664691.257,3739802.126
451.6,-2202527.164,-4664691.154,3739802.226
451.7,-2202527.212,-4664691.052,3739802.325
451.8,-2202527.259,-4664690.949,3739802.424
451.9,-2202527.307,-4664690.847,3739802.524
452.0,-2202527.354,-4664690.744,3739802.623
452.1,-2202527.402,-4664690.641,3739802.722
452.2,-2202527.449,-4664690.539,3739802.822
452.3,-2202527.497,-4664690.436,3739802.921
452.4,-2202527.544,-4664690.333,3739803.021
452.5,-2202527.592,-4664690.231,3739803.120
452.6,-2202527.639,-4664690.128,3739803.219
452.7,-2202527.687,-4664690.026,3739803.319
452.8,-2202527.735,-4664689.923,3739803.418
452.9,-2202527.782,-4664689.820,3739803.517
453.0,-2202527.830,-4664689.718,3739803.617
453.1,-2202527.877,-4664689.615,3739803.716
453.2,-2202527.925,-4664689.513,3739803.816
453.3,-2202527.972,-4664689.410,3739803.915
453.4,-2202528.020,-4664689.307,3739804.014
453.5,-2202528.067,-4664689.205,3739804.114
453.6,-2202528.115,-4664689.102,3739804.213
453.7,-2202528.162,-4664688.999,3739804.312
453.8,-2202528.210,-4664688.897,3739804.412
453.9,-2202528.257,-4664688.794,3739804.511
454.0,-2202528.305,-4664688.692,3739804.610
454.1,-2202528.352,-4664688.589,3739804.710
454.2,-2202528.400,-4664688.486,3739804.809
454.3,-2202528.447,-4664688.384,3739804.909
454.4,-2202528.495,-4664688.281,3739805.008
454.5,-2202528.542,-4664688.179,3739805.107
454.6,-2202528.590,-4664688.076,3739805.207
454.7,-2202528.637,-4664687.973,3739805.306
454.8,-2202528.685,-4664687.871,3739805.405
454.9,-2202528.732,-4664687.768,3739805.505
455.0,-2202528.780,-4664687.665,3739805.604
455.1,-2202528.827,-4664687.563,3739805.703
455.2,-2202528.875,-4664687.460,3739805.803
455.3,-2202528.922,-4664687.358,3739805.902
455.4,-2202528.970,-4664687.255,3739806.002
455.5,-2202529.017,-4664687.152,3739806.101
455.6,-2202529.065,-4664687.050,3739806.200
455.7,-2202529.113,-4664686.947,3739806.300
455.8,-2202529.160,-4664686.845,3739806.399
455.9,-2202529.208,-4664686.742,3739806.498
456.0,-2202529.255,-4664686.639,3739806.598
456.1,-2202529.303,-4664686.537,3739806.697
456.2,-2202529.350,-4664686.434,3739806.796
456.3,-2202529.398,-4664686.331,3739806.896
456.4,-2202529.445,-4664686.229,3739806.995
456.5,-2202529.493,-4664686.126,3739807.095
456.6,-2202529.540,-4664686.024,3739807.194
456.7,-2202529.588,-4664685.921,3739807.293
456.8,-2202529.635,-4664685.818,3739807.393
456.9,-2202529.683,-4664685.716,3739807.492
457.0,-2202529.730,-4664685.613,3739807.591
457.1,-2202529.778,-4664685.511,3739807.691
457.2,-2202529.825,-4664685.408,3739807.790
457.3,-2202529.873,-4664685.305,3739807.890
457.4,-2202529.920,-4664685.203,3739807.989
457.5,-2202529.968,-4664685.100,3739808.088
457.6,-2202530.015,-4664684.997,3739808.188
457.7,-2202530.063,-4664684.895,3739808.287
457.8,-2202530.110,-4664684.792,3739808.386
457.9,-2202530.158,-4664684.690,3739808.486
458.0,-2202530.205,-4664684.587,3739808.585
458.1,-2202530.253,-4664684.484,3739808.684
458.2,-2202530.300,-4664684.382,3739808.784
458.3,-2202530.348,-4664684.279,3739808.883
458.4,-2202530.395,-4664684.177,3739808.983
458.5,-2202530.443,-4664684.074,3739809.082
458.6,-2202530.491,-4664683.971,3739809.181
458.7,-2202530.538,-4664683.869,3739809.281
458.8,-2202530.586,-4664683.766,3739809.380
458.9,-2202530.633,-4664683.663,3739809.479
459.0,-2202530.681,-4664683.561,3739809.579
459.1,-2202530.728,-4664683.458,3739809.678
459.2,-2202530.776,-4664683.356,3739809.777
459.3,-2202530.823,-4664683.253,3739809.877
459.4,-2202530.871,-4664683.150,3739809.976
459.5,-2202530.918,-4664683.048,3739810.076
459.6,-2202530.966,-4664682.945,3739810.175
459.7,-2202531.013,-4664682.842,3739810.274
459.8,-2202531.061,-4664682.740,3739810.374
459.9,-2202531.108,-4664682.637,3739810.473
460.0,-2202531.156,-4664682.535,3739810.572
460.1,-2202531.203,-4664682.432,3739810.672
460.2,-2202531.251,-4664682.329,3739810.771
460.3,-2202531.298,-4664682.227,3739810.871
460.4,-2202531.346,-4664682.124,3739810.970
460.5,-2202531.393,-4664682.022,3739811.069
460.6,-2202531.441,-4664681.919,3739811.169
460.7,-2202531.488,-4664681.816,3739811.268
460.8,-2202531.536,-4664681.714,3739811.367
460.9,-2202531.583,-4664681.611,3739811.467
461.0,-2202531.631,-4664681.508,3739811.566
461.1,-2202531.678,-4664681.406,3739811.665
461.2,-2202531.726,-4664681.303,3739811.765
461.3,-2202531.773,-4664681.201,3739811.864
461.4,-2202531.821,-4664681.098,3739811.964
461.5,-2202531.868,-4664680.995,3739812.063
461.6,-2202531.916,-4664680.893,3739812.162
461.7,-2202531.964,-4664680.790,3739812.262
461.8,-2202532.011,-4664680.688,3739812.361
461.9,-2202532.059,-4664680.585,3739812.460
462.0,-2202532.106,-4664680.482,3739812.560
462.1,-2202532.154,-4664680.380,3739812.659
462.2,-2202532.201,-4664680.277,3739812.758
462.3,-2202532.249,-4664680.174,3739812.858
462.4,-2202532.296,-4664680.072,3739812.957
462.5,-2202532.344,-4664679.969,3739813.057
462.6,-2202532.391,-4664679.867,3739813.156
462.7,-2202532.439,-4664679.764,3739813.255
462.8,-2202532.486,-4664679.661,3739813.355
462.9,-2202532.534,-4664679.559,3739813.454
463.0,-2202532.581,-4664679.456,3739813.553
463.1,-2202532.629,-4664679.354,3739813.653
463.2,-2202532.676,-4664679.251,3739813.752
463.3,-2202532.724,-4664679.148,3739813.852
463.4,-2202532.771,-4664679.046,3739813.951
463.5,-2202532.819,-4664678.943,3739814.050
463.6,-2202532.866,-4664678.840,3739814.150
463.7,-2202532.914,-4664678.738,3739814.249
463.8,-2202532.961,-4664678.635,3739814.348
463.9,-2202533.009,-4664678.533,3739814.448
464.0,-2202533.056,-4664678.430,3739814.547
464.1,-2202533.104,-4664678.327,3739814.646
464.2,-2202533.151,-4664678.225,3739814.746
464.3,-2202533.199,-4664678.122,3739814.845
464.4,-2202533.246,-4664678.020,3739814.945
464.5,-2202533.294,-4664677.917,3739815.044
464.6,-2202533.342,-4664677.814,3739815.143
464.7,-2202533.389,-4664677.712,3739815.243
464.8,-2202533.437,-4664677.609,3739815.342
464.9,-2202533.484,-4664677.506,3739815.441
465.0,-2202533.532,-4664677.404,3739815.541
465.1,-2202533.579,-4664677.301,3739815.640
465.2,-2202533.627,-4664677.199,3739815.739
465.3,-2202533.674,-4664677.096,3739815.839
465.4,-2202533.722,-4664676.993,3739815.938
465.5,-2202533.769,-4664676.891,3739816.038
465.6,-2202533.817,-4664676.788,3739816.137
465.7,-2202533.864,-4664676.686,3739816.236
465.8,-2202533.912,-4664676.583,3739816.336
465.9,-2202533.959,-4664676.480,3739816.435
466.0,-2202534.007,-4664676.378,3739816.534
466.1,-2202534.054,-4664676.275,3739816.634
466.2,-2202534.102,-4664676.172,3739816.733
466.3,-2202534.149,-4664676.070,3739816.832
466.4,-2202534.197,-4664675.967,3739816.932
466.5,-2202534.244,-4664675.865,3739817.031
466.6,-2202534.292,-4664675.762,3739817.131
466.7,-2202534.339,-4664675.659,3739817.230
466.8,-2202534.387,-4664675.557,3739817.329
466.9,-2202534.434,-4664675.454,3739817.429
467.0,-2202534.482,-4664675.352,3739817.528
467.1,-2202534.529,-4664675.249,3739817.627
467.2,-2202534.577,-4664675.146,3739817.727
467.3,-2202534.624,-4664675.044,3739817.826
467.4,-2202534.672,-4664674.941,3739817.926
467.5,-2202534.720,-4664674.838,3739818.025
467.6,-2202534.767,-4664674.736,3739818.124
467.7,-2202534.815,-4664674.633,3739818.224
467.8,-2202534.862,-4664674.531,3739818.323
467.9,-2202534.910,-4664674.428,3739818.422
468.0,-2202534.957,-4664674.325,3739818.522
468.1,-2202535.005,-4664674.223,3739818.621
468.2,-2202535.052,-4664674.120,3739818.720
468.3,-2202535.100,-4664674.018,3739818.820
468.4,-2202535.147,-4664673.915,3739818.919
468.5,-2202535.195,-4664673.812,3739819.019
468.6,-2202535.242,-4664673.710,3739819.118
468.7,-2202535.290,-4664673.607,3739819.217
468.8,-2202535.337,-4664673.504,3739819.317
468.9,-2202535.385,-4664673.402,3739819.416
469.0,-2202535.432,-4664673.299,3739819.515
469.1,-2202535.480,-4664673.197,3739819.615
469.2,-2202535.527,-4664673.094,3739819.714
469.3,-2202535.575,-4664672.991,3739819.813
469.4,-2202535.622,-4664672.889,3739819.913
469.5,-2202535.670,-4664672.786,3739820.012
469.6,-2202535.717,-4664672.684,3739820.112
469.7,-2202535.765,-4664672.581,3739820.211
469.8,-2202535.812,-4664672.478,3739820.310
469.9,-2202535.860,-4664672.376,3739820.410
470.0,-2202535.907,-4664672.273,3739820.509
470.1,-2202535.955,-4664672.170,3739820.608
470.2,-2202536.002,-4664672.068,3739820.708
470.3,-2202536.050,-4664671.965,3739820.807
470.4,-2202536.097,-4664671.863,3739820.907
470.5,-2202536.145,-4664671.760,3739821.006
470.6,-2202536.193,-4664671.657,3739821.105
470.7,-2202536.240,-4664671.555,3739821.205
470.8,-2202536.288,-4664671.452,3739821.304
470.9,-2202536.335,-4664671.349,3739821.403
471.0,-2202536.383,-4664671.247,3739821.503
471.1,-2202536.430,-4664671.144,3739821.602
471.2,-2202536.478,-4664671.042,3739821.701
471.3,-2202536.525,-4664670.939,3739821.801
471.4,-2202536.573,-4664670.836,3739821.900
471.5,-2202536.620,-4664670.734,3739822.000
471.6,-2202536.668,-4664670.631,3739822.099
471.7,-2202536.715,-4664670.529,3739822.198
471.8,-2202536.763,-4664670.426,3739822.298
471.9,-2202536.810,-4664670.323,3739822.397
472.0,-2202536.858,-4664670.221,3739822.496
472.1,-2202536.905,-4664670.118,3739822.596
472.2,-2202536.953,-4664670.015,3739822.695
472.3,-2202537.000,-4664669.913,3739822.794
472.4,-2202537.048,-4664669.810,3739822.894
472.5,-2202537.095,-4664669.708,3739822.993
472.6,-2202537.143,-4664669.605,3739823.093
472.7,-2202537.190,-4664669.502,3739823.192
472.8,-2202537.238,-4664669.400,3739823.291
472.9,-2202537.285,-4664669.297,3739823.391
473.0,-2202537.333,-4664669.195,3739823.490
473.1,-2202537.380,-4664669.092,3739823.589
473.2,-2202537.428,-4664668.989,3739823.689
473.3,-2202537.475,-4664668.887,3739823.788
473.4,-2202537.523,-4664668.784,3739823.887
473.5,-2202537.571,-4664668.681,3739823.987
473.6,-2202537.618,-4664668.579,3739824.086
473.7,-2202537.666,-4664668.476,3739824.186
473.8,-2202537.713,-4664668.374,3739824.285
473.9,-2202537.761,-4664668.271,3739824.384
474.0,-2202537.808,-4664668.168,3739824.484
474.1,-2202537.856,-4664668.066,3739824.583
474.2,-2202537.903,-4664667.963,3739824.682
474.3,-2202537.951,-4664667.861,3739824.782
474.4,-2202537.998,-4664667.758,3739824.881
474.5,-2202538.046,-4664667.655,3739824.981
474.6,-2202538.093,-4664667.553,3739825.080
474.7,-2202538.141,-4664667.450,3739825.179
474.8,-2202538.188,-4664667.347,3739825.279
474.9,-2202538.236,-4664667.245,3739825.378
475.0,-2202538.283,-4664667.142,3739825.477
475.1,-2202538.331,-4664667.040,3739825.577
475.2,-2202538.378,-4664666.937,3739825.676
475.3,-2202538.426,-4664666.834,3739825.775
475.4,-2202538.473,-4664666.732,3739825.875
475.5,-2202538.521,-4664666.629,3739825.974
475.6,-2202538.568,-4664666.527,3739826.074
475.7,-2202538.616,-4664666.424,3739826.173
475.8,-2202538.663,-4664666.321,3739826.272
475.9,-2202538.711,-4664666.219,3739826.372
476.0,-2202538.758,-4664666.116,3739826.471
476.1,-2202538.806,-4664666.013,3739826.570
476.2,-2202538.853,-4664665.911,3739826.670
476.3,-2202538.901,-4664665.808,3739826.769
476.4,-2202538.949,-4664665.706,3739826.868
476.5,-2202538.996,-4664665.603,3739826.968
476.6,-2202539.044,-4664665.500,3739827.067
476.7,-2202539.091,-4664665.398,3739827.167
476.8,-2202539.139,-4664665.295,3739827.266
476.9,-2202539.186,-4664665.193,3739827.365
477.0,-2202539.234,-4664665.090,3739827.465
477.1,-2202539.281,-4664664.987,3739827.564
477.2,-2202539.329,-4664664.885,3739827.663
477.3,-2202539.376,-4664664.782,3739827.763
477.4,-2202539.424,-4664664.679,3739827.862
477.5,-2202539.471,-4664664.577,3739827.962
477.6,-2202539.519,-4664664.474,3739828.061
477.7,-2202539.566,-4664664.372,3739828.160
477.8,-2202539.614,-4664664.269,3739828.260
477.9,-2202539.661,-4664664.166,3739828.359
478.0,-2202539.709,-4664664.064,3739828.458
478.1,-2202539.756,-4664663.961,3739828.558
478.2,-2202539.804,-4664663.859,3739828.657
478.3,-2202539.851,-4664663.756,3739828.756
478.4,-2202539.899,-4664663.653,3739828.856
478.5,-2202539.946,-4664663.551,3739828.955
478.6,-2202539.994,-4664663.448,3739829.055
478.7,-2202540.041,-4664663.345,3739829.154
478.8,-2202540.089,-4664663.243,3739829.253
478.9,-2202540.136,-4664663.140,3739829.353
479.0,-2202540.184,-4664663.038,3739829.452
479.1,-2202540.231,-4664662.935,3739829.551
479.2,-2202540.279,-4664662.832,3739829.651
479.3,-2202540.326,-4664662.730,3739829.750
479.4,-2202540.374,-4664662.627,3739829.849
479.5,-2202540.422,-4664662.525,3739829.949
479.6,-2202540.469,-4664662.422,3739830.048
479.7,-2202540.517,-4664662.319,3739830.148
479.8,-2202540.564,-4664662.217,3739830.247
479.9,-2202540.612,-4664662.114,3739830.346
480.0,-2202540.659,-4664662.011,3739830.446
480.1,-2202540.659,-4664662.011,3739830.446
480.2,-2202540.659,-4664662.011,3739830.446
480.3,-2202540.659,-4664662.011,3739830.446
480.4,-2202540.659,-4664662.011,3739830.446
480.5,-2202540.659,-4664662.011,3739830.446
480.6,-2202540.659,-4664662.011,3739830.446
480.7,-2202540.659,-4664662.011,3739830.446
480.8,-2202540.659,-4664662.011,3739830.446
480.9,-2202540.659,-4664662.011,3739830.446
481.0,-2202540.659,-4664662.011,3739830.446
481.1,-2202540.659,-4664662.011,3739830.446
481.2,-2202540.659,-4664662.011,3739830.446
481.3,-2202540.659,-4664662.011,3739830.446
481.4,-2202540.659,-4664662.011,3739830.446
481.5,-2202540.659,-4664662.011,3739830.446
481.6,-2202540.659,-4664662.011,3739830.446
481.7,-2202540.659,-4664662.011,3739830.446
481.8,-2202540.659,-4664662.011,3739830.446
481.9,-2202540.659,-4664662.011,3739830.446
482.0,-2202540.659,-4664662.011,3739830.446
482.1,-2202540.659,-4664662.011,3739830.446
482.2,-2202540.659,-4664662.011,3739830.446
482.3,-2202540.659,-4664662.011,3739830.446
482.4,-2202540.659,-4664662.011,3739830.446
482.5,-2202540.659,-4664662.011,3739830.446
482.6,-2202540.659,-4664662.011,3739830.446
482.7,-2202540.659,-4664662.011,3739830.446
482.8,-2202540.659,-4664662.011,3739830.446
482.9,-2202540.659,-4664662.011,3739830.446
483.0,-2202540.659,-4664662.011,3739830.446
483.1,-2202540.659,-4664662.011,3739830.446
483.2,-2202540.659,-4664662.011,3739830.446
483.3,-2202540.659,-4664662.011,3739830.446
483.4,-2202540.659,-4664662.011,3739830.446
483.5,-2202540.659,-4664662.011,3739830.446
483.6,-2202540.659,-4664662.011,3739830.446
483.7,-2202540.659,-4664662.011,3739830.446
483.8,-2202540.659,-4664662.011,3739830.446
483.9,-2202540.659,-4664662.011,3739830.446
484.0,-2202540.659,-4664662.011,3739830.446
484.1,-2202540.659,-4664662.011,3739830.446
484.2,-2202540.659,-4664662.011,3739830.446
484.3,-2202540.659,-4664662.011,3739830.446
484.4,-2202540.659,-4664662.011,3739830.446
484.5,-2202540.659,-4664662.011,3739830.446
484.6,-2202540.659,-4664662.011,3739830.446
484.7,-2202540.659,-4664662.011,3739830.446
484.8,-2202540.659,-4664662.011,3739830.446
484.9,-2202540.659,-4664662.011,3739830.446
485.0,-2202540.659,-4664662.011,3739830.446
485.1,-2202540.659,-4664662.011,3739830.446
485.2,-2202540.659,-4664662.011,3739830.446
485.3,-2202540.659,-4664662.011,3739830.446
485.4,-2202540.659,-4664662.011,3739830.446
485.5,-2202540.659,-4664662.011,3739830.446
485.6,-2202540.659,-4664662.011,3739830.446
485.7,-2202540.659,-4664662.011,3739830.446
485.8,-2202540.659,-4664662.011,3739830.446
485.9,-2202540.659,-4664662.011,3739830.446
486.0,-2202540.659,-4664662.011,3739830.446
486.1,-2202540.659,-4664662.011,3739830.446
486.2,-2202540.659,-4664662.011,3739830.446
486.3,-2202540.659,-4664662.011,3739830.446
486.4,-2202540.659,-4664662.011,3739830.446
486.5,-2202540.659,-4664662.011,3739830.446
486.6,-2202540.659,-4664662.011,3739830.446
486.7,-2202540.659,-4664662.011,3739830.446
486.8,-2202540.659,-4664662.011,3739830.446
486.9,-2202540.659,-4664662.011,3739830.446
487.0,-2202540.659,-4664662.011,3739830.446
487.1,-2202540.659,-4664662.011,3739830.446
487.2,-2202540.659,-4664662.011,3739830.446
487.3,-2202540.659,-4664662.011,3739830.446
487.4,-2202540.659,-4664662.011,3739830.446
487.5,-2202540.659,-4664662.011,3739830.446
487.6,-2202540.659,-4664662.011,3739830.446
487.7,-2202540.659,-4664662.011,3739830.446
487.8,-2202540.659,-4664662.011,3739830.446
487.9,-2202540.659,-4664662.011,3739830.446
488.0,-2202540.659,-4664662.011,3739830.446
488.1,-2202540.659,-4664662.011,3739830.446
488.2,-2202540.659,-4664662.011,3739830.446
488.3,-2202540.659,-4664662.011,3739830.446
488.4,-2202540.659,-4664662.011,3739830.446
488.5,-2202540.659,-4664662.011,3739830.446
488.6,-2202540.659,-4664662.011,3739830.446
488.7,-2202540.659,-4664662.011,3739830.446
488.8,-2202540.659,-4664662.011,3739830.446
488.9,-2202540.659,-4664662.011,3739830.446
489.0,-2202540.659,-4664662.011,3739830.446
489.1,-2202540.659,-4664662.011,3739830.446
489.2,-2202540.659,-4664662.011,3739830.446
489.3,-2202540.659,-4664662.011,3739830.446
489.4,-2202540.659,-4664662.011,3739830.446
489.5,-2202540.659,-4664662.011,3739830.446
489.6,-2202540.659,-4664662.011,3739830.446
489.7,-2202540.659,-4664662.011,3739830.446
489.8,-2202540.659,-4664662.011,3739830.446
489.9,-2202540.659,-4664662.011,3739830.446
490.0,-2202540.659,-4664662.011,3739830.446
490.1,-2202540.659,-4664662.011,3739830.446
490.2,-2202540.659,-4664662.011,3739830.446
490.3,-2202540.659,-4664662.011,3739830.446
490.4,-2202540.659,-4664662.011,3739830.446
490.5,-2202540.659,-4664662.011,3739830.446
490.6,-2202540.659,-4664662.011,3739830.446
490.7,-2202540.659,-4664662.011,3739830.446
490.8,-2202540.659,-4664662.011,3739830.446
490.9,-2202540.659,-4664662.011,3739830.446
491.0,-2202540.659,-4664662.011,3739830.446
491.1,-2202540.659,-4664662.011,3739830.446
491.2,-2202540.659,-4664662.011,3739830.446
491.3,-2202540.659,-4664662.011,3739830.446
491.4,-2202540.659,-4664662.011,3739830.446
491.5,-2202540.659,-4664662.011,3739830.446
491.6,-2202540.659,-4664662.011,3739830.446
491.7,-2202540.659,-4664662.011,3739830.446
491.8,-2202540.659,-4664662.011,3739830.446
491.9,-2202540.659,-4664662.011,3739830.446
492.0,-2202540.659,-4664662.011,3739830.446
492.1,-2202540.659,-4664662.011,3739830.446
492.2,-2202540.659,-4664662.011,3739830.446
492.3,-2202540.659,-4664662.011,3739830.446
492.4,-2202540.659,-4664662.011,3739830.446
492.5,-2202540.659,-4664662.011,3739830.446
492.6,-2202540.659,-4664662.011,3739830.446
492.7,-2202540.659,-4664662.011,3739830.446
492.8,-2202540.659,-4664662.011,3739830.446
492.9,-2202540.659,-4664662.011,3739830.446
493.0,-2202540.659,-4664662.011,3739830.446
493.1,-2202540.659,-4664662.011,3739830.446
493.2,-2202540.659,-4664662.011,3739830.446
493.3,-2202540.659,-4664662.011,3739830.446
493.4,-2202540.659,-4664662.011,3739830.446
493.5,-2202540.659,-4664662.011,3739830.446
493.6,-2202540.659,-4664662.011,3739830.446
493.7,-2202540.659,-4664662.011,3739830.446
493.8,-2202540.659,-4664662.011,3739830.446
493.9,-2202540.659,-4664662.011,3739830.446
494.0,-2202540.659,-4664662.011,3739830.446
494.1,-2202540.659,-4664662.011,3739830.446
494.2,-2202540.659,-4664662.011,3739830.446
494.3,-2202540.659,-4664662.011,3739830.446
494.4,-2202540.659,-4664662.011,3739830.446
494.5,-2202540.659,-4664662.011,3739830.446
494.6,-2202540.659,-4664662.011,3739830.446
494.7,-2202540.659,-4664662.011,3739830.446
494.8,-2202540.659,-4664662.011,3739830.446
494.9,-2202540.659,-4664662.011,3739830.446
495.0,-2202540.659,-4664662.011,3739830.446
495.1,-2202540.659,-4664662.011,3739830.446
495.2,-2202540.659,-4664662.011,3739830.446
495.3,-2202540.659,-4664662.011,3739830.446
495.4,-2202540.659,-4664662.011,3739830.446
495.5,-2202540.659,-4664662.011,3739830.446
495.6,-2202540.659,-4664662.011,3739830.446
495.7,-2202540.659,-4664662.011,3739830.446
495.8,-2202540.659,-4664662.011,3739830.446
495.9,-2202540.659,-4664662.011,3739830.446
496.0,-2202540.659,-4664662.011,3739830.446
496.1,-2202540.659,-4664662.011,3739830.446
496.2,-2202540.659,-4664662.011,3739830.446
496.3,-2202540.659,-4664662.011,3739830.446
496.4,-2202540.659,-4664662.011,3739830.446
496.5,-2202540.659,-4664662.011,3739830.446
496.6,-2202540.659,-4664662.011,3739830.446
496.7,-2202540.659,-4664662.011,3739830.446
496.8,-2202540.659,-4664662.011,3739830.446
496.9,-2202540.659,-4664662.011,3739830.446
497.0,-2202540.659,-4664662.011,3739830.446
497.1,-2202540.659,-4664662.011,3739830.446
497.2,-2202540.659,-4664662.011,3739830.446
497.3,-2202540.659,-4664662.011,3739830.446
497.4,-2202540.659,-4664662.011,3739830.446
497.5,-2202540.659,-4664662.011,3739830.446
497.6,-2202540.659,-4664662.011,3739830.446
497.7,-2202540.659,-4664662.011,3739830.446
497.8,-2202540.659,-4664662.011,3739830.446
497.9,-2202540.659,-4664662.011,3739830.446
498.0,-2202540.659,-4664662.011,3739830.446
498.1,-2202540.659,-4664662.011,3739830.446
498.2,-2202540.659,-4664662.011,3739830.446
498.3,-2202540.659,-4664662.011,3739830.446
498.4,-2202540.659,-4664662.011,3739830.446
498.5,-2202540.659,-4664662.011,3739830.446
498.6,-2202540.659,-4664662.011,3739830.446
498.7,-2202540.659,-4664662.011,3739830.446
498.8,-2202540.659,-4664662.011,3739830.446
498.9,-2202540.659,-4664662.011,3739830.446
499.0,-2202540.659,-4664662.011,3739830.446
499.1,-2202540.659,-4664662.011,3739830.446
499.2,-2202540.659,-4664662.011,3739830.446
499.3,-2202540.659,-4664662.011,3739830.446
499.4,-2202540.659,-4664662.011,3739830.446
499.5,-2202540.659,-4664662.011,3739830.446
499.6,-2202540.659,-4664662.011,3739830.446
499.7,-2202540.659,-4664662.011,3739830.446
499.8,-2202540.659,-4664662.011,3739830.446
499.9,-2202540.659,-4664662.011,3739830.446
500.0,-2202540.659,-4664662.011,3739830.446
500.1,-2202540.659,-4664662.011,3739830.446
500.2,-2202540.659,-4664662.011,3739830.446
500.3,-2202540.659,-4664662.011,3739830.446
500.4,-2202540.659,-4664662.011,3739830.446
500.5,-2202540.659,-4664662.011,3739830.446
500.6,-2202540.659,-4664662.011,3739830.446
500.7,-2202540.659,-4664662.011,3739830.446
500.8,-2202540.659,-4664662.011,3739830.446
500.9,-2202540.659,-4664662.011,3739830.446
501.0,-2202540.659,-4664662.011,3739830.446
501.1,-2202540.659,-4664662.011,3739830.446
501.2,-2202540.659,-4664662.011,3739830.446
501.3,-2202540.659,-4664662.011,3739830.446
501.4,-2202540.659,-4664662.011,3739830.446
501.5,-2202540.659,-4664662.011,3739830.446
501.6,-2202540.659,-4664662.011,3739830.446
501.7,-2202540.659,-4664662.011,3739830.446
501.8,-2202540.659,-4664662.011,3739830.446
501.9,-2202540.659,-4664662.011,3739830.446
502.0,-2202540.659,-4664662.011,3739830.446
502.1,-2202540.659,-4664662.011,3739830.446
502.2,-2202540.659,-4664662.011,3739830.446
502.3,-2202540.659,-4664662.011,3739830.446
502.4,-2202540.659,-4664662.011,3739830.446
502.5,-2202540.659,-4664662.011,3739830.446
502.6,-2202540.659,-4664662.011,3739830.446
502.7,-2202540.659,-4664662.011,3739830.446
502.8,-2202540.659,-4664662.011,3739830.446
502.9,-2202540.659,-4664662.011,3739830.446
503.0,-2202540.659,-4664662.011,3739830.446
503.1,-2202540.659,-4664662.011,3739830.446
503.2,-2202540.659,-4664662.011,3739830.446
503.3,-2202540.659,-4664662.011,3739830.446
503.4,-2202540.659,-4664662.011,3739830.446
503.5,-2202540.659,-4664662.011,3739830.446
503.6,-2202540.659,-4664662.011,3739830.446
503.7,-2202540.659,-4664662.011,3739830.446
503.8,-2202540.659,-4664662.011,3739830.446
503.9,-2202540.659,-4664662.011,3739830.446
504.0,-2202540.659,-4664662.011,3739830.446
504.1,-2202540.659,-4664662.011,3739830.446
504.2,-2202540.659,-4664662.011,3739830.446
504.3,-2202540.659,-4664662.011,3739830.446
504.4,-2202540.659,-4664662.011,3739830.446
504.5,-2202540.659,-4664662.011,3739830.446
504.6,-2202540.659,-4664662.011,3739830.446
504.7,-2202540.659,-4664662.011,3739830.446
504.8,-2202540.659,-4664662.011,3739830.446
504.9,-2202540.659,-4664662.011,3739830.446
505.0,-2202540.659,-4664662.011,3739830.446
505.1,-2202540.659,-4664662.011,3739830.446
505.2,-2202540.659,-4664662.011,3739830.446
505.3,-2202540.659,-4664662.011,3739830.446
505.4,-2202540.659,-4664662.011,3739830.446
505.5,-2202540.659,-4664662.011,3739830.446
505.6,-2202540.659,-4664662.011,3739830.446
505.7,-2202540.659,-4664662.011,3739830.446
505.8,-2202540.659,-4664662.011,3739830.446
505.9,-2202540.659,-4664662.011,3739830.446
506.0,-2202540.659,-4664662.011,3739830.446
506.1,-2202540.659,-4664662.011,3739830.446
506.2,-2202540.659,-4664662.011,3739830.446
506.3,-2202540.659,-4664662.011,3739830.446
506.4,-2202540.659,-4664662.011,3739830.446
506.5,-2202540.659,-4664662.011,3739830.446
506.6,-2202540.659,-4664662.011,3739830.446
506.7,-2202540.659,-4664662.011,3739830.446
506.8,-2202540.659,-4664662.011,3739830.446
506.9,-2202540.659,-4664662.011,3739830.446
507.0,-2202540.659,-4664662.011,3739830.446
507.1,-2202540.659,-4664662.011,3739830.446
507.2,-2202540.659,-4664662.011,3739830.446
507.3,-2202540.659,-4664662.011,3739830.446
507.4,-2202540.659,-4664662.011,3739830.446
507.5,-2202540.659,-4664662.011,3739830.446
507.6,-2202540.659,-4664662.011,3739830.446
507.7,-2202540.659,-4664662.011,3739830.446
507.8,-2202540.659,-4664662.011,3739830.446
507.9,-2202540.659,-4664662.011,3739830.446
508.0,-2202540.659,-4664662.011,3739830.446
508.1,-2202540.659,-4664662.011,3739830.446
508.2,-2202540.659,-4664662.011,3739830.446
508.3,-2202540.659,-4664662.011,3739830.446
508.4,-2202540.659,-4664662.011,3739830.446
508.5,-2202540.659,-4664662.011,3739830.446
508.6,-2202540.659,-4664662.011,3739830.446
508.7,-2202540.659,-4664662.011,3739830.446
508.8,-2202540.659,-4664662.011,3739830.446
508.9,-2202540.659,-4664662.011,3739830.446
509.0,-2202540.659,-4664662.011,3739830.446
509.1,-2202540.659,-4664662.011,3739830.446
509.2,-2202540.659,-4664662.011,3739830.446
509.3,-2202540.659,-4664662.011,3739830.446
509.4,-2202540.659,-4664662.011,3739830.446
509.5,-2202540.659,-4664662.011,3739830.446
509.6,-2202540.659,-4664662.011,3739830.446
509.7,-2202540.659,-4664662.011,3739830.446
509.8,-2202540.659,-4664662.011,3739830.446
509.9,-2202540.659,-4664662.011,3739830.446
510.0,-2202540.659,-4664662.011,3739830.446
510.1,-2202540.659,-4664662.011,3739830.446
510.2,-2202540.659,-4664662.011,3739830.446
510.3,-2202540.659,-4664662.011,3739830.446
510.4,-2202540.659,-4664662.011,3739830.446
510.5,-2202540.659,-4664662.011,3739830.446
510.6,-2202540.659,-4664662.011,3739830.446
510.7,-2202540.659,-4664662.011,3739830.446
510.8,-2202540.659,-4664662.011,3739830.446
510.9,-2202540.659,-4664662.011,3739830.446
511.0,-2202540.659,-4664662.011,3739830.446
511.1,-2202540.659,-4664662.011,3739830.446
511.2,-2202540.659,-4664662.011,3739830.446
511.3,-2202540.659,-4664662.011,3739830.446
511.4,-2202540.659,-4664662.011,3739830.446
511.5,-2202540.659,-4664662.011,3739830.446
511.6,-2202540.659,-4664662.011,3739830.446
511.7,-2202540.659,-4664662.011,3739830.446
511.8,-2202540.659,-4664662.011,3739830.446
511.9,-2202540.659,-4664662.011,3739830.446
512.0,-2202540.659,-4664662.011,3739830.446
512.1,-2202540.659,-4664662.011,3739830.446
512.2,-2202540.659,-4664662.011,3739830.446
512.3,-2202540.659,-4664662.011,3739830.446
512.4,-2202540.659,-4664662.011,3739830.446
512.5,-2202540.659,-4664662.011,3739830.446
512.6,-2202540.659,-4664662.011,3739830.446
512.7,-2202540.659,-4664662.011,3739830.446
512.8,-2202540.659,-4664662.011,3739830.446
512.9,-2202540.659,-4664662.011,3739830.446
513.0,-2202540.659,-4664662.011,3739830.446
513.1,-2202540.659,-4664662.011,3739830.446
513.2,-2202540.659,-4664662.011,3739830.446
513.3,-2202540.659,-4664662.011,3739830.446
513.4,-2202540.659,-4664662.011,3739830.446
513.5,-2202540.659,-4664662.011,3739830.446
513.6,-2202540.659,-4664662.011,3739830.446
513.7,-2202540.659,-4664662.011,3739830.446
513.8,-2202540.659,-4664662.011,3739830.446
513.9,-2202540.659,-4664662.011,3739830.446
514.0,-2202540.659,-4664662.011,3739830.446
514.1,-2202540.659,-4664662.011,3739830.446
514.2,-2202540.659,-4664662.011,3739830.446
514.3,-2202540.659,-4664662.011,3739830.446
514.4,-2202540.659,-4664662.011,3739830.446
514.5,-2202540.659,-4664662.011,3739830.446
514.6,-2202540.659,-4664662.011,3739830.446
514.7,-2202540.659,-4664662.011,3739830.446
514.8,-2202540.659,-4664662.011,3739830.446
514.9,-2202540.659,-4664662.011,3739830.446
515.0,-2202540.659,-4664662.011,3739830.446
515.1,-2202540.659,-4664662.011,3739830.446
515.2,-2202540.659,-4664662.011,3739830.446
515.3,-2202540.659,-4664662.011,3739830.446
515.4,-2202540.659,-4664662.011,3739830.446
515.5,-2202540.659,-4664662.011,3739830.446
515.6,-2202540.659,-4664662.011,3739830.446
515.7,-2202540.659,-4664662.011,3739830.446
515.8,-2202540.659,-4664662.011,3739830.446
515.9,-2202540.659,-4664662.011,3739830.446
516.0,-2202540.659,-4664662.011,3739830.446
516.1,-2202540.659,-4664662.011,3739830.446
516.2,-2202540.659,-4664662.011,3739830.446
516.3,-2202540.659,-4664662.011,3739830.446
516.4,-2202540.659,-4664662.011,3739830.446
516.5,-2202540.659,-4664662.011,3739830.446
516.6,-2202540.659,-4664662.011,3739830.446
516.7,-2202540.659,-4664662.011,3739830.446
516.8,-2202540.659,-4664662.011,3739830.446
516.9,-2202540.659,-4664662.011,3739830.446
517.0,-2202540.659,-4664662.011,3739830.446
517.1,-2202540.659,-4664662.011,3739830.446
517.2,-2202540.659,-4664662.011,3739830.446
517.3,-2202540.659,-4664662.011,3739830.446
517.4,-2202540.659,-4664662.011,3739830.446
517.5,-2202540.659,-4664662.011,3739830.446
517.6,-2202540.659,-4664662.011,3739830.446
517.7,-2202540.659,-4664662.011,3739830.446
517.8,-2202540.659,-4664662.011,3739830.446
517.9,-2202540.659,-4664662.011,3739830.446
518.0,-2202540.659,-4664662.011,3739830.446
518.1,-2202540.659,-4664662.011,3739830.446
518.2,-2202540.659,-4664662.011,3739830.446
518.3,-2202540.659,-4664662.011,3739830.446
518.4,-2202540.659,-4664662.011,3739830.446
518.5,-2202540.659,-4664662.011,3739830.446
518.6,-2202540.659,-4664662.011,3739830.446
518.7,-2202540.659,-4664662.011,3739830.446
518.8,-2202540.659,-4664662.011,3739830.446
518.9,-2202540.659,-4664662.011,3739830.446
519.0,-2202540.659,-4664662.011,3739830.446
519.1,-2202540.659,-4664662.011,3739830.446
519.2,-2202540.659,-4664662.011,3739830.446
519.3,-2202540.659,-4664662.011,3739830.446
519.4,-2202540.659,-4664662.011,3739830.446
519.5,-2202540.659,-4664662.011,3739830.446
519.6,-2202540.659,-4664662.011,3739830.446
519.7,-2202540.659,-4664662.011,3739830.446
519.8,-2202540.659,-4664662.011,3739830.446
519.9,-2202540.659,-4664662.011,3739830.446
520.0,-2202540.659,-4664662.011,3739830.446
520.1,-2202540.659,-4664662.011,3739830.446
520.2,-2202540.659,-4664662.011,3739830.446
520.3,-2202540.659,-4664662.011,3739830.446
520.4,-2202540.659,-4664662.011,3739830.446
520.5,-2202540.659,-4664662.011,3739830.446
520.6,-2202540.659,-4664662.011,3739830.446
520.7,-2202540.659,-4664662.011,3739830.446
520.8,-2202540.659,-4664662.011,3739830.446
520.9,-2202540.659,-4664662.011,3739830.446
521.0,-2202540.659,-4664662.011,3739830.446
521.1,-2202540.659,-4664662.011,3739830.446
521.2,-2202540.659,-4664662.011,3739830.446
521.3,-2202540.659,-4664662.011,3739830.446
521.4,-2202540.659,-4664662.011,3739830.446
521.5,-2202540.659,-4664662.011,3739830.446
521.6,-2202540.659,-4664662.011,3739830.446
521.7,-2202540.659,-4664662.011,3739830.446
521.8,-2202540.659,-4664662.011,3739830.446
521.9,-2202540.659,-4664662.011,3739830.446
522.0,-2202540.659,-4664662.011,3739830.446
522.1,-2202540.659,-4664662.011,3739830.446
522.2,-2202540.659,-4664662.011,3739830.446
522.3,-2202540.659,-4664662.011,3739830.446
522.4,-2202540.659,-4664662.011,3739830.446
522.5,-2202540.659,-4664662.011,3739830.446
522.6,-2202540.659,-4664662.011,3739830.446
522.7,-2202540.659,-4664662.011,3739830.446
522.8,-2202540.659,-4664662.011,3739830.446
522.9,-2202540.659,-4664662.011,3739830.446
523.0,-2202540.659,-4664662.011,3739830.446
523.1,-2202540.659,-4664662.011,3739830.446
523.2,-2202540.659,-4664662.011,3739830.446
523.3,-2202540.659,-4664662.011,3739830.446
523.4,-2202540.659,-4664662.011,3739830.446
523.5,-2202540.659,-4664662.011,3739830.446
523.6,-2202540.659,-4664662.011,3739830.446
523.7,-2202540.659,-4664662.011,3739830.446
523.8,-2202540.659,-4664662.011,3739830.446
523.9,-2202540.659,-4664662.011,3739830.446
524.0,-2202540.659,-4664662.011,3739830.446
524.1,-2202540.659,-4664662.011,3739830.446
524.2,-2202540.659,-4664662.011,3739830.446
524.3,-2202540.659,-4664662.011,3739830.446
524.4,-2202540.659,-4664662.011,3739830.446
524.5,-2202540.659,-4664662.011,3739830.446
524.6,-2202540.659,-4664662.011,3739830.446
524.7,-2202540.659,-4664662.011,3739830.446
524.8,-2202540.659,-4664662.011,3739830.446
524.9,-2202540.659,-4664662.011,3739830.446
525.0,-2202540.659,-4664662.011,3739830.446
525.1,-2202540.659,-4664662.011,3739830.446
525.2,-2202540.659,-4664662.011,3739830.446
525.3,-2202540.659,-4664662.011,3739830.446
525.4,-2202540.659,-4664662.011,3739830.446
525.5,-2202540.659,-4664662.011,3739830.446
525.6,-2202540.659,-4664662.011,3739830.446
525.7,-2202540.659,-4664662.011,3739830.446
525.8,-2202540.659,-4664662.011,3739830.446
525.9,-2202540.659,-4664662.011,3739830.446
526.0,-2202540.659,-4664662.011,3739830.446
526.1,-2202540.659,-4664662.011,3739830.446
526.2,-2202540.659,-4664662.011,3739830.446
526.3,-2202540.659,-4664662.011,3739830.446
526.4,-2202540.659,-4664662.011,3739830.446
526.5,-2202540.659,-4664662.011,3739830.446
526.6,-2202540.659,-4664662.011,3739830.446
526.7,-2202540.659,-4664662.011,3739830.446
526.8,-2202540.659,-4664662.011,3739830.446
526.9,-2202540.659,-4664662.011,3739830.446
527.0,-2202540.659,-4664662.011,3739830.446
527.1,-2202540.659,-4664662.011,3739830.446
527.2,-2202540.659,-4664662.011,3739830.446
527.3,-2202540.659,-4664662.011,3739830.446
527.4,-2202540.659,-4664662.011,3739830.446
527.5,-2202540.659,-4664662.011,3739830.446
527.6,-2202540.659,-4664662.011,3739830.446
527.7,-2202540.659,-4664662.011,3739830.446
527.8,-2202540.659,-4664662.011,3739830.446
527.9,-2202540.659,-4664662.011,3739830.446
528.0,-2202540.659,-4664662.011,3739830.446
528.1,-2202540.659,-4664662.011,3739830.446
528.2,-2202540.659,-4664662.011,3739830.446
528.3,-2202540.659,-4664662.011,3739830.446
528.4,-2202540.659,-4664662.011,3739830.446
528.5,-2202540.659,-4664662.011,3739830.446
528.6,-2202540.659,-4664662.011,3739830.446
528.7,-2202540.659,-4664662.011,3739830.446
528.8,-2202540.659,-4664662.011,3739830.446
528.9,-2202540.659,-4664662.011,3739830.446
529.0,-2202540.659,-4664662.011,3739830.446
529.1,-2202540.659,-4664662.011,3739830.446
529.2,-2202540.659,-4664662.011,3739830.446
529.3,-2202540.659,-4664662.011,3739830.446
529.4,-2202540.659,-4664662.011,3739830.446
529.5,-2202540.659,-4664662.011,3739830.446
529.6,-2202540.659,-4664662.011,3739830.446
529.7,-2202540.659,-4664662.011,3739830.446
529.8,-2202540.659,-4664662.011,3739830.446
529.9,-2202540.659,-4664662.011,3739830.446
530.0,-2202540.659,-4664662.011,3739830.446
530.1,-2202540.659,-4664662.011,3739830.446
530.2,-2202540.659,-4664662.011,3739830.446
530.3,-2202540.659,-4664662.011,3739830.446
530.4,-2202540.659,-4664662.011,3739830.446
530.5,-2202540.659,-4664662.011,3739830.446
530.6,-2202540.659,-4664662.011,3739830.446
530.7,-2202540.659,-4664662.011,3739830.446
530.8,-2202540.659,-4664662.011,3739830.446
530.9,-2202540.659,-4664662.011,3739830.446
531.0,-2202540.659,-4664662.011,3739830.446
531.1,-2202540.659,-4664662.011,3739830.446
531.2,-2202540.659,-4664662.011,3739830.446
531.3,-2202540.659,-4664662.011,3739830.446
531.4,-2202540.659,-4664662.011,3739830.446
531.5,-2202540.659,-4664662.011,3739830.446
531.6,-2202540.659,-4664662.011,3739830.446
531.7,-2202540.659,-4664662.011,3739830.446
531.8,-2202540.659,-4664662.011,3739830.446
531.9,-2202540.659,-4664662.011,3739830.446
532.0,-2202540.659,-4664662.011,3739830.446
532.1,-2202540.659,-4664662.011,3739830.446
532.2,-2202540.659,-4664662.011,3739830.446
532.3,-2202540.659,-4664662.011,3739830.446
532.4,-2202540.659,-4664662.011,3739830.446
532.5,-2202540.659,-4664662.011,3739830.446
532.6,-2202540.659,-4664662.011,3739830.446
532.7,-2202540.659,-4664662.011,3739830.446
532.8,-2202540.659,-4664662.011,3739830.446
532.9,-2202540.659,-4664662.011,3739830.446
533.0,-2202540.659,-4664662.011,3739830.446
533.1,-2202540.659,-4664662.011,3739830.446
533.2,-2202540.659,-4664662.011,3739830.446
533.3,-2202540.659,-4664662.011,3739830.446
533.4,-2202540.659,-4664662.011,3739830.446
533.5,-2202540.659,-4664662.011,3739830.446
533.6,-2202540.659,-4664662.011,3739830.446
533.7,-2202540.659,-4664662.011,3739830.446
533.8,-2202540.659,-4664662.011,3739830.446
533.9,-2202540.659,-4664662.011,3739830.446
534.0,-2202540.659,-4664662.011,3739830.446
534.1,-2202540.659,-4664662.011,3739830.446
534.2,-2202540.659,-4664662.011,3739830.446
534.3,-2202540.659,-4664662.011,3739830.446
534.4,-2202540.659,-4664662.011,3739830.446
534.5,-2202540.659,-4664662.011,3739830.446
534.6,-2202540.659,-4664662.011,3739830.446
534.7,-2202540.659,-4664662.011,3739830.446
534.8,-2202540.659,-4664662.011,3739830.446
534.9,-2202540.659,-4664662.011,3739830.446
535.0,-2202540.659,-4664662.011,3739830.446
535.1,-2202540.659,-4664662.011,3739830.446
535.2,-2202540.659,-4664662.011,3739830.446
535.3,-2202540.659,-4664662.011,3739830.446
535.4,-2202540.659,-4664662.011,3739830.446
535.5,-2202540.659,-4664662.011,3739830.446
535.6,-2202540.659,-4664662.011,3739830.446
535.7,-2202540.659,-4664662.011,3739830.446
535.8,-2202540.659,-4664662.011,3739830.446
535.9,-2202540.659,-4664662.011,3739830.446
536.0,-2202540.659,-4664662.011,3739830.446
536.1,-2202540.659,-4664662.011,3739830.446
536.2,-2202540.659,-4664662.011,3739830.446
536.3,-2202540.659,-4664662.011,3739830.446
536.4,-2202540.659,-4664662.011,3739830.446
536.5,-2202540.659,-4664662.011,3739830.446
536.6,-2202540.659,-4664662.011,3739830.446
536.7,-2202540.659,-4664662.011,3739830.446
536.8,-2202540.659,-4664662.011,3739830.446
536.9,-2202540.659,-4664662.011,3739830.446
537.0,-2202540.659,-4664662.011,3739830.446
537.1,-2202540.659,-4664662.011,3739830.446
537.2,-2202540.659,-4664662.011,3739830.446
537.3,-2202540.659,-4664662.011,3739830.446
537.4,-2202540.659,-4664662.011,3739830.446
537.5,-2202540.659,-4664662.011,3739830.446
537.6,-2202540.659,-4664662.011,3739830.446
537.7,-2202540.659,-4664662.011,3739830.446
537.8,-2202540.659,-4664662.011,3739830.446
537.9,-2202540.659,-4664662.011,3739830.446
538.0,-2202540.659,-4664662.011,3739830.446
538.1,-2202540.659,-4664662.011,3739830.446
538.2,-2202540.659,-4664662.011,3739830.446
538.3,-2202540.659,-4664662.011,3739830.446
538.4,-2202540.659,-4664662.011,3739830.446
538.5,-2202540.659,-4664662.011,3739830.446
538.6,-2202540.659,-4664662.011,3739830.446
538.7,-2202540.659,-4664662.011,3739830.446
538.8,-2202540.659,-4664662.011,3739830.446
538.9,-2202540.659,-4664662.011,3739830.446
539.0,-2202540.659,-4664662.011,3739830.446
539.1,-2202540.659,-4664662.011,3739830.446
539.2,-2202540.659,-4664662.011,3739830.446
539.3,-2202540.659,-4664662.011,3739830.446
539.4,-2202540.659,-4664662.011,3739830.446
539.5,-2202540.659,-4664662.011,3739830.446
539.6,-2202540.659,-4664662.011,3739830.446
539.7,-2202540.659,-4664662.011,3739830.446
539.8,-2202540.659,-4664662.011,3739830.446
539.9,-2202540.659,-4664662.011,3739830.446
540.0,-2202540.659,-4664662.011,3739830.446
540.1,-2202540.659,-4664662.011,3739830.446
540.2,-2202540.659,-4664662.011,3739830.446
540.3,-2202540.659,-4664662.011,3739830.446
540.4,-2202540.659,-4664662.011,3739830.446
540.5,-2202540.659,-4664662.011,3739830.446
540.6,-2202540.659,-4664662.011,3739830.446
540.7,-2202540.659,-4664662.011,3739830.446
540.8,-2202540.659,-4664662.011,3739830.446
540.9,-2202540.659,-4664662.011,3739830.446
541.0,-2202540.659,-4664662.011,3739830.446
541.1,-2202540.659,-4664662.011,3739830.446
541.2,-2202540.659,-4664662.011,3739830.446
541.3,-2202540.659,-4664662.011,3739830.446
541.4,-2202540.659,-4664662.011,3739830.446
541.5,-2202540.659,-4664662.011,3739830.446
541.6,-2202540.659,-4664662.011,3739830.446
541.7,-2202540.659,-4664662.011,3739830.446
541.8,-2202540.659,-4664662.011,3739830.446
541.9,-2202540.659,-4664662.011,3739830.446
542.0,-2202540.659,-4664662.011,3739830.446
542.1,-2202540.659,-4664662.011,3739830.446
542.2,-2202540.659,-4664662.011,3739830.446
542.3,-2202540.659,-4664662.011,3739830.446
542.4,-2202540.659,-4664662.011,3739830.446
542.5,-2202540.659,-4664662.011,3739830.446
542.6,-2202540.659,-4664662.011,3739830.446
542.7,-2202540.659,-4664662.011,3739830.446
542.8,-2202540.659,-4664662.011,3739830.446
542.9,-2202540.659,-4664662.011,3739830.446
543.0,-2202540.659,-4664662.011,3739830.446
543.1,-2202540.659,-4664662.011,3739830.446
543.2,-2202540.659,-4664662.011,3739830.446
543.3,-2202540.659,-4664662.011,3739830.446
543.4,-2202540.659,-4664662.011,3739830.446
543.5,-2202540.659,-4664662.011,3739830.446
543.6,-2202540.659,-4664662.011,3739830.446
543.7,-2202540.659,-4664662.011,3739830.446
543.8,-2202540.659,-4664662.011,3739830.446
543.9,-2202540.659,-4664662.011,3739830.446
544.0,-2202540.659,-4664662.011,3739830.446
544.1,-2202540.659,-4664662.011,3739830.446
544.2,-2202540.659,-4664662.011,3739830.446
544.3,-2202540.659,-4664662.011,3739830.446
544.4,-2202540.659,-4664662.011,3739830.446
544.5,-2202540.659,-4664662.011,3739830.446
544.6,-2202540.659,-4664662.011,3739830.446
544.7,-2202540.659,-4664662.011,3739830.446
544.8,-2202540.659,-4664662.011,3739830.446
544.9,-2202540.659,-4664662.011,3739830.446
545.0,-2202540.659,-4664662.011,3739830.446
545.1,-2202540.659,-4664662.011,3739830.446
545.2,-2202540.659,-4664662.011,3739830.446
545.3,-2202540.659,-4664662.011,3739830.446
545.4,-2202540.659,-4664662.011,3739830.446
545.5,-2202540.659,-4664662.011,3739830.446
545.6,-2202540.659,-4664662.011,3739830.446
545.7,-2202540.659,-4664662.011,3739830.446
545.8,-2202540.659,-4664662.011,3739830.446
545.9,-2202540.659,-4664662.011,3739830.446
546.0,-2202540.659,-4664662.011,3739830.446
546.1,-2202540.659,-4664662.011,3739830.446
546.2,-2202540.659,-4664662.011,3739830.446
546.3,-2202540.659,-4664662.011,3739830.446
546.4,-2202540.659,-4664662.011,3739830.446
546.5,-2202540.659,-4664662.011,3739830.446
546.6,-2202540.659,-4664662.011,3739830.446
546.7,-2202540.659,-4664662.011,3739830.446
546.8,-2202540.659,-4664662.011,3739830.446
546.9,-2202540.659,-4664662.011,3739830.446
547.0,-2202540.659,-4664662.011,3739830.446
547.1,-2202540.659,-4664662.011,3739830.446
547.2,-2202540.659,-4664662.011,3739830.446
547.3,-2202540.659,-4664662.011,3739830.446
547.4,-2202540.659,-4664662.011,3739830.446
547.5,-2202540.659,-4664662.011,3739830.446
547.6,-2202540.659,-4664662.011,3739830.446
547.7,-2202540.659,-4664662.011,3739830.446
547.8,-2202540.659,-4664662.011,3739830.446
547.9,-2202540.659,-4664662.011,3739830.446
548.0,-2202540.659,-4664662.011,3739830.446
548.1,-2202540.659,-4664662.011,3739830.446
548.2,-2202540.659,-4664662.011,3739830.446
548.3,-2202540.659,-4664662.011,3739830.446
548.4,-2202540.659,-4664662.011,3739830.446
548.5,-2202540.659,-4664662.011,3739830.446
548.6,-2202540.659,-4664662.011,3739830.446
548.7,-2202540.659,-4664662.011,3739830.446
548.8,-2202540.659,-4664662.011,3739830.446
548.9,-2202540.659,-4664662.011,3739830.446
549.0,-2202540.659,-4664662.011,3739830.446
549.1,-2202540.659,-4664662.011,3739830.446
549.2,-2202540.659,-4664662.011,3739830.446
549.3,-2202540.659,-4664662.011,3739830.446
549.4,-2202540.659,-4664662.011,3739830.446
549.5,-2202540.659,-4664662.011,3739830.446
549.6,-2202540.659,-4664662.011,3739830.446
549.7,-2202540.659,-4664662.011,3739830.446
549.8,-2202540.659,-4664662.011,3739830.446
549.9,-2202540.659,-4664662.011,3739830.446
550.0,-2202540.659,-4664662.011,3739830.446
550.1,-2202540.659,-4664662.011,3739830.446
550.2,-2202540.659,-4664662.011,3739830.446
550.3,-2202540.659,-4664662.011,3739830.446
550.4,-2202540.659,-4664662.011,3739830.446
550.5,-2202540.659,-4664662.011,3739830.446
550.6,-2202540.659,-4664662.011,3739830.446
550.7,-2202540.659,-4664662.011,3739830.446
550.8,-2202540.659,-4664662.011,3739830.446
550.9,-2202540.659,-4664662.011,3739830.446
551.0,-2202540.659,-4664662.011,3739830.446
551.1,-2202540.659,-4664662.011,3739830.446
551.2,-2202540.659,-4664662.011,3739830.446
551.3,-2202540.659,-4664662.011,3739830.446
551.4,-2202540.659,-4664662.011,3739830.446
551.5,-2202540.659,-4664662.011,3739830.446
551.6,-2202540.659,-4664662.011,3739830.446
551.7,-2202540.659,-4664662.011,3739830.446
551.8,-2202540.659,-4664662.011,3739830.446
551.9,-2202540.659,-4664662.011,3739830.446
552.0,-2202540.659,-4664662.011,3739830.446
552.1,-2202540.659,-4664662.011,3739830.446
552.2,-2202540.659,-4664662.011,3739830.446
552.3,-2202540.659,-4664662.011,3739830.446
552.4,-2202540.659,-4664662.011,3739830.446
552.5,-2202540.659,-4664662.011,3739830.446
552.6,-2202540.659,-4664662.011,3739830.446
552.7,-2202540.659,-4664662.011,3739830.446
552.8,-2202540.659,-4664662.011,3739830.446
552.9,-2202540.659,-4664662.011,3739830.446
553.0,-2202540.659,-4664662.011,3739830.446
553.1,-2202540.659,-4664662.011,3739830.446
553.2,-2202540.659,-4664662.011,3739830.446
553.3,-2202540.659,-4664662.011,3739830.446
553.4,-2202540.659,-4664662.011,3739830.446
553.5,-2202540.659,-4664662.011,3739830.446
553.6,-2202540.659,-4664662.011,3739830.446
553.7,-2202540.659,-4664662.011,3739830.446
553.8,-2202540.659,-4664662.011,3739830.446
553.9,-2202540.659,-4664662.011,3739830.446
554.0,-2202540.659,-4664662.011,3739830.446
554.1,-2202540.659,-4664662.011,3739830.446
554.2,-2202540.659,-4664662.011,3739830.446
554.3,-2202540.659,-4664662.011,3739830.446
554.4,-2202540.659,-4664662.011,3739830.446
554.5,-2202540.659,-4664662.011,3739830.446
554.6,-2202540.659,-4664662.011,3739830.446
554.7,-2202540.659,-4664662.011,3739830.446
554.8,-2202540.659,-4664662.011,3739830.446
554.9,-2202540.659,-4664662.011,3739830.446
555.0,-2202540.659,-4664662.011,3739830.446
555.1,-2202540.659,-4664662.011,3739830.446
555.2,-2202540.659,-4664662.011,3739830.446
555.3,-2202540.659,-4664662.011,3739830.446
555.4,-2202540.659,-4664662.011,3739830.446
555.5,-2202540.659,-4664662.011,3739830.446
555.6,-2202540.659,-4664662.011,3739830.446
555.7,-2202540.659,-4664662.011,3739830.446
555.8,-2202540.659,-4664662.011,3739830.446
555.9,-2202540.659,-4664662.011,3739830.446
556.0,-2202540.659,-4664662.011,3739830.446
556.1,-2202540.659,-4664662.011,3739830.446
556.2,-2202540.659,-4664662.011,3739830.446
556.3,-2202540.659,-4664662.011,3739830.446
556.4,-2202540.659,-4664662.011,3739830.446
556.5,-2202540.659,-4664662.011,3739830.446
556.6,-2202540.659,-4664662.011,3739830.446
556.7,-2202540.659,-4664662.011,3739830.446
556.8,-2202540.659,-4664662.011,3739830.446
556.9,-2202540.659,-4664662.011,3739830.446
557.0,-2202540.659,-4664662.011,3739830.446
557.1,-2202540.659,-4664662.011,3739830.446
557.2,-2202540.659,-4664662.011,3739830.446
557.3,-2202540.659,-4664662.011,3739830.446
557.4,-2202540.659,-4664662.011,3739830.446
557.5,-2202540.659,-4664662.011,3739830.446
557.6,-2202540.659,-4664662.011,3739830.446
557.7,-2202540.659,-4664662.011,3739830.446
557.8,-2202540.659,-4664662.011,3739830.446
557.9,-2202540.659,-4664662.011,3739830.446
558.0,-2202540.659,-4664662.011,3739830.446
558.1,-2202540.659,-4664662.011,3739830.446
558.2,-2202540.659,-4664662.011,3739830.446
558.3,-2202540.659,-4664662.011,3739830.446
558.4,-2202540.659,-4664662.011,3739830.446
558.5,-2202540.659,-4664662.011,3739830.446
558.6,-2202540.659,-4664662.011,3739830.446
558.7,-2202540.659,-4664662.011,3739830.446
558.8,-2202540.659,-4664662.011,3739830.446
558.9,-2202540.659,-4664662.011,3739830.446
559.0,-2202540.659,-4664662.011,3739830.446
559.1,-2202540.659,-4664662.011,3739830.446
559.2,-2202540.659,-4664662.011,3739830.446
559.3,-2202540.659,-4664662.011,3739830.446
559.4,-2202540.659,-4664662.011,3739830.446
559.5,-2202540.659,-4664662.011,3739830.446
559.6,-2202540.659,-4664662.011,3739830.446
559.7,-2202540.659,-4664662.011,3739830.446
559.8,-2202540.659,-4664662.011,3739830.446
559.9,-2202540.659,-4664662.011,3739830.446
560.0,-2202540.659,-4664662.011,3739830.446
560.1,-2202540.659,-4664662.011,3739830.446
560.2,-2202540.659,-4664662.011,3739830.446
560.3,-2202540.659,-4664662.011,3739830.446
560.4,-2202540.659,-4664662.011,3739830.446
560.5,-2202540.659,-4664662.011,3739830.446
560.6,-2202540.659,-4664662.011,3739830.446
560.7,-2202540.659,-4664662.011,3739830.446
560.8,-2202540.659,-4664662.011,3739830.446
560.9,-2202540.659,-4664662.011,3739830.446
561.0,-2202540.659,-4664662.011,3739830.446
561.1,-2202540.659,-4664662.011,3739830.446
561.2,-2202540.659,-4664662.011,3739830.446
561.3,-2202540.659,-4664662.011,3739830.446
561.4,-2202540.659,-4664662.011,3739830.446
561.5,-2202540.659,-4664662.011,3739830.446
561.6,-2202540.659,-4664662.011,3739830.446
561.7,-2202540.659,-4664662.011,3739830.446
561.8,-2202540.659,-4664662.011,3739830.446
561.9,-2202540.659,-4664662.011,3739830.446
562.0,-2202540.659,-4664662.011,3739830.446
562.1,-2202540.659,-4664662.011,3739830.446
562.2,-2202540.659,-4664662.011,3739830.446
562.3,-2202540.659,-4664662.011,3739830.446
562.4,-2202540.659,-4664662.011,3739830.446
562.5,-2202540.659,-4664662.011,3739830.446
562.6,-2202540.659,-4664662.011,3739830.446
562.7,-2202540.659,-4664662.011,3739830.446
562.8,-2202540.659,-4664662.011,3739830.446
562.9,-2202540.659,-4664662.011,3739830.446
563.0,-2202540.659,-4664662.011,3739830.446
563.1,-2202540.659,-4664662.011,3739830.446
563.2,-2202540.659,-4664662.011,3739830.446
563.3,-2202540.659,-4664662.011,3739830.446
563.4,-2202540.659,-4664662.011,3739830.446
563.5,-2202540.659,-4664662.011,3739830.446
563.6,-2202540.659,-4664662.011,3739830.446
563.7,-2202540.659,-4664662.011,3739830.446
563.8,-2202540.659,-4664662.011,3739830.446
563.9,-2202540.659,-4664662.011,3739830.446
564.0,-2202540.659,-4664662.011,3739830.446
564.1,-2202540.659,-4664662.011,3739830.446
564.2,-2202540.659,-4664662.011,3739830.446
564.3,-2202540.659,-4664662.011,3739830.446
564.4,-2202540.659,-4664662.011,3739830.446
564.5,-2202540.659,-4664662.011,3739830.446
564.6,-2202540.659,-4664662.011,3739830.446
564.7,-2202540.659,-4664662.011,3739830.446
564.8,-2202540.659,-4664662.011,3739830.446
564.9,-2202540.659,-4664662.011,3739830.446
565.0,-2202540.659,-4664662.011,3739830.446
565.1,-2202540.659,-4664662.011,3739830.446
565.2,-2202540.659,-4664662.011,3739830.446
565.3,-2202540.659,-4664662.011,3739830.446
565.4,-2202540.659,-4664662.011,3739830.446
565.5,-2202540.659,-4664662.011,3739830.446
565.6,-2202540.659,-4664662.011,3739830.446
565.7,-2202540.659,-4664662.011,3739830.446
565.8,-2202540.659,-4664662.011,3739830.446
565.9,-2202540.659,-4664662.011,3739830.446
566.0,-2202540.659,-4664662.011,3739830.446
566.1,-2202540.659,-4664662.011,3739830.446
566.2,-2202540.659,-4664662.011,3739830.446
566.3,-2202540.659,-4664662.011,3739830.446
566.4,-2202540.659,-4664662.011,3739830.446
566.5,-2202540.659,-4664662.011,3739830.446
566.6,-2202540.659,-4664662.011,3739830.446
566.7,-2202540.659,-4664662.011,3739830.446
566.8,-2202540.659,-4664662.011,3739830.446
566.9,-2202540.659,-4664662.011,3739830.446
567.0,-2202540.659,-4664662.011,3739830.446
567.1,-2202540.659,-4664662.011,3739830.446
567.2,-2202540.659,-4664662.011,3739830.446
567.3,-2202540.659,-4664662.011,3739830.446
567.4,-2202540.659,-4664662.011,3739830.446
567.5,-2202540.659,-4664662.011,3739830.446
567.6,-2202540.659,-4664662.011,3739830.446
567.7,-2202540.659,-4664662.011,3739830.446
567.8,-2202540.659,-4664662.011,3739830.446
567.9,-2202540.659,-4664662.011,3739830.446
568.0,-2202540.659,-4664662.011,3739830.446
568.1,-2202540.659,-4664662.011,3739830.446
568.2,-2202540.659,-4664662.011,3739830.446
568.3,-2202540.659,-4664662.011,3739830.446
568.4,-2202540.659,-4664662.011,3739830.446
568.5,-2202540.659,-4664662.011,3739830.446
568.6,-2202540.659,-4664662.011,3739830.446
568.7,-2202540.659,-4664662.011,3739830.446
568.8,-2202540.659,-4664662.011,3739830.446
568.9,-2202540.659,-4664662.011,3739830.446
569.0,-2202540.659,-4664662.011,3739830.446
569.1,-2202540.659,-4664662.011,3739830.446
569.2,-2202540.659,-4664662.011,3739830.446
569.3,-2202540.659,-4664662.011,3739830.446
569.4,-2202540.659,-4664662.011,3739830.446
569.5,-2202540.659,-4664662.011,3739830.446
569.6,-2202540.659,-4664662.011,3739830.446
569.7,-2202540.659,-4664662.011,3739830.446
569.8,-2202540.659,-4664662.011,3739830.446
569.9,-2202540.659,-4664662.011,3739830.446
570.0,-2202540.659,-4664662.011,3739830.446
570.1,-2202540.659,-4664662.011,3739830.446
570.2,-2202540.659,-4664662.011,3739830.446
570.3,-2202540.659,-4664662.011,3739830.446
570.4,-2202540.659,-4664662.011,3739830.446
570.5,-2202540.659,-4664662.011,3739830.446
570.6,-2202540.659,-4664662.011,3739830.446
570.7,-2202540.659,-4664662.011,3739830.446
570.8,-2202540.659,-4664662.011,3739830.446
570.9,-2202540.659,-4664662.011,3739830.446
571.0,-2202540.659,-4664662.011,3739830.446
571.1,-2202540.659,-4664662.011,3739830.446
571.2,-2202540.659,-4664662.011,3739830.446
571.3,-2202540.659,-4664662.011,3739830.446
571.4,-2202540.659,-4664662.011,3739830.446
571.5,-2202540.659,-4664662.011,3739830.446
571.6,-2202540.659,-4664662.011,3739830.446
571.7,-2202540.659,-4664662.011,3739830.446
571.8,-2202540.659,-4664662.011,3739830.446
571.9,-2202540.659,-4664662.011,3739830.446
572.0,-2202540.659,-4664662.011,3739830.446
572.1,-2202540.659,-4664662.011,3739830.446
572.2,-2202540.659,-4664662.011,3739830.446
572.3,-2202540.659,-4664662.011,3739830.446
572.4,-2202540.659,-4664662.011,3739830.446
572.5,-2202540.659,-4664662.011,3739830.446
572.6,-2202540.659,-4664662.011,3739830.446
572.7,-2202540.659,-4664662.011,3739830.446
572.8,-2202540.659,-4664662.011,3739830.446
572.9,-2202540.659,-4664662.011,3739830.446
573.0,-2202540.659,-4664662.011,3739830.446
573.1,-2202540.659,-4664662.011,3739830.446
573.2,-2202540.659,-4664662.011,3739830.446
573.3,-2202540.659,-4664662.011,3739830.446
573.4,-2202540.659,-4664662.011,3739830.446
573.5,-2202540.659,-4664662.011,3739830.446
573.6,-2202540.659,-4664662.011,3739830.446
573.7,-2202540.659,-4664662.011,3739830.446
573.8,-2202540.659,-4664662.011,3739830.446
573.9,-2202540.659,-4664662.011,3739830.446
574.0,-2202540.659,-4664662.011,3739830.446
574.1,-2202540.659,-4664662.011,3739830.446
574.2,-2202540.659,-4664662.011,3739830.446
574.3,-2202540.659,-4664662.011,3739830.446
574.4,-2202540.659,-4664662.011,3739830.446
574.5,-2202540.659,-4664662.011,3739830.446
574.6,-2202540.659,-4664662.011,3739830.446
574.7,-2202540.659,-4664662.011,3739830.446
574.8,-2202540.659,-4664662.011,3739830.446
574.9,-2202540.659,-4664662.011,3739830.446
575.0,-2202540.659,-4664662.011,3739830.446
575.1,-2202540.659,-4664662.011,3739830.446
575.2,-2202540.659,-4664662.011,3739830.446
575.3,-2202540.659,-4664662.011,3739830.446
575.4,-2202540.659,-4664662.011,3739830.446
575.5,-2202540.659,-4664662.011,3739830.446
575.6,-2202540.659,-4664662.011,3739830.446
575.7,-2202540.659,-4664662.011,3739830.446
575.8,-2202540.659,-4664662.011,3739830.446
575.9,-2202540.659,-4664662.011,3739830.446
576.0,-2202540.659,-4664662.011,3739830.446
576.1,-2202540.659,-4664662.011,3739830.446
576.2,-2202540.659,-4664662.011,3739830.446
576.3,-2202540.659,-4664662.011,3739830.446
576.4,-2202540.659,-4664662.011,3739830.446
576.5,-2202540.659,-4664662.011,3739830.446
576.6,-2202540.659,-4664662.011,3739830.446
576.7,-2202540.659,-4664662.011,3739830.446
576.8,-2202540.659,-4664662.011,3739830.446
576.9,-2202540.659,-4664662.011,3739830.446
577.0,-2202540.659,-4664662.011,3739830.446
577.1,-2202540.659,-4664662.011,3739830.446
577.2,-2202540.659,-4664662.011,3739830.446
577.3,-2202540.659,-4664662.011,3739830.446
577.4,-2202540.659,-4664662.011,3739830.446
577.5,-2202540.659,-4664662.011,3739830.446
577.6,-2202540.659,-4664662.011,3739830.446
577.7,-2202540.659,-4664662.011,3739830.446
577.8,-2202540.659,-4664662.011,3739830.446
577.9,-2202540.659,-4664662.011,3739830.446
578.0,-2202540.659,-4664662.011,3739830.446
578.1,-2202540.659,-4664662.011,3739830.446
578.2,-2202540.659,-4664662.011,3739830.446
578.3,-2202540.659,-4664662.011,3739830.446
578.4,-2202540.659,-4664662.011,3739830.446
578.5,-2202540.659,-4664662.011,3739830.446
578.6,-2202540.659,-4664662.011,3739830.446
578.7,-2202540.659,-4664662.011,3739830.446
578.8,-2202540.659,-4664662.011,3739830.446
578.9,-2202540.659,-4664662.011,3739830.446
579.0,-2202540.659,-4664662.011,3739830.446
579.1,-2202540.659,-4664662.011,3739830.446
579.2,-2202540.659,-4664662.011,3739830.446
579.3,-2202540.659,-4664662.011,3739830.446
579.4,-2202540.659,-4664662.011,3739830.446
579.5,-2202540.659,-4664662.011,3739830.446
579.6,-2202540.659,-4664662.011,3739830.446
579.7,-2202540.659,-4664662.011,3739830.446
579.8,-2202540.659,-4664662.011,3739830.446
579.9,-2202540.659,-4664662.011,3739830.446
580.0,-2202540.659,-4664662.011,3739830.446
580.1,-2202540.659,-4664662.011,3739830.446
580.2,-2202540.659,-4664662.011,3739830.446
580.3,-2202540.659,-4664662.011,3739830.446
580.4,-2202540.659,-4664662.011,3739830.446
580.5,-2202540.659,-4664662.011,3739830.446
580.6,-2202540.659,-4664662.011,3739830.446
580.7,-2202540.659,-4664662.011,3739830.446
580.8,-2202540.659,-4664662.011,3739830.446
580.9,-2202540.659,-4664662.011,3739830.446
581.0,-2202540.659,-4664662.011,3739830.446
581.1,-2202540.659,-4664662.011,3739830.446
581.2,-2202540.659,-4664662.011,3739830.446
581.3,-2202540.659,-4664662.011,3739830.446
581.4,-2202540.659,-4664662.011,3739830.446
581.5,-2202540.659,-4664662.011,3739830.446
581.6,-2202540.659,-4664662.011,3739830.446
581.7,-2202540.659,-4664662.011,3739830.446
581.8,-2202540.659,-4664662.011,3739830.446
581.9,-2202540.659,-4664662.011,3739830.446
582.0,-2202540.659,-4664662.011,3739830.446
582.1,-2202540.659,-4664662.011,3739830.446
582.2,-2202540.659,-4664662.011,3739830.446
582.3,-2202540.659,-4664662.011,3739830.446
582.4,-2202540.659,-4664662.011,3739830.446
582.5,-2202540.659,-4664662.011,3739830.446
582.6,-2202540.659,-4664662.011,3739830.446
582.7,-2202540.659,-4664662.011,3739830.446
582.8,-2202540.659,-4664662.011,3739830.446
582.9,-2202540.659,-4664662.011,3739830.446
583.0,-2202540.659,-4664662.011,3739830.446
583.1,-2202540.659,-4664662.011,3739830.446
583.2,-2202540.659,-4664662.011,3739830.446
583.3,-2202540.659,-4664662.011,3739830.446
583.4,-2202540.659,-4664662.011,3739830.446
583.5,-2202540.659,-4664662.011,3739830.446
583.6,-2202540.659,-4664662.011,3739830.446
583.7,-2202540.659,-4664662.011,3739830.446
583.8,-2202540.659,-4664662.011,3739830.446
583.9,-2202540.659,-4664662.011,3739830.446
584.0,-2202540.659,-4664662.011,3739830.446
584.1,-2202540.659,-4664662.011,3739830.446
584.2,-2202540.659,-4664662.011,3739830.446
584.3,-2202540.659,-4664662.011,3739830.446
584.4,-2202540.659,-4664662.011,3739830.446
584.5,-2202540.659,-4664662.011,3739830.446
584.6,-2202540.659,-4664662.011,3739830.446
584.7,-2202540.659,-4664662.011,3739830.446
584.8,-2202540.659,-4664662.011,3739830.446
584.9,-2202540.659,-4664662.011,3739830.446
585.0,-2202540.659,-4664662.011,3739830.446
585.1,-2202540.659,-4664662.011,3739830.446
585.2,-2202540.659,-4664662.011,3739830.446
585.3,-2202540.659,-4664662.011,3739830.446
585.4,-2202540.659,-4664662.011,3739830.446
585.5,-2202540.659,-4664662.011,3739830.446
585.6,-2202540.659,-4664662.011,3739830.446
585.7,-2202540.659,-4664662.011,3739830.446
585.8,-2202540.659,-4664662.011,3739830.446
585.9,-2202540.659,-4664662.011,3739830.446
586.0,-2202540.659,-4664662.011,3739830.446
586.1,-2202540.659,-4664662.011,3739830.446
586.2,-2202540.659,-4664662.011,3739830.446
586.3,-2202540.659,-4664662.011,3739830.446
586.4,-2202540.659,-4664662.011,3739830.446
586.5,-2202540.659,-4664662.011,3739830.446
586.6,-2202540.659,-4664662.011,3739830.446
586.7,-2202540.659,-4664662.011,3739830.446
586.8,-2202540.659,-4664662.011,3739830.446
586.9,-2202540.659,-4664662.011,3739830.446
587.0,-2202540.659,-4664662.011,3739830.446
587.1,-2202540.659,-4664662.011,3739830.446
587.2,-2202540.659,-4664662.011,3739830.446
587.3,-2202540.659,-4664662.011,3739830.446
587.4,-2202540.659,-4664662.011,3739830.446
587.5,-2202540.659,-4664662.011,3739830.446
587.6,-2202540.659,-4664662.011,3739830.446
587.7,-2202540.659,-4664662.011,3739830.446
587.8,-2202540.659,-4664662.011,3739830.446
587.9,-2202540.659,-4664662.011,3739830.446
588.0,-2202540.659,-4664662.011,3739830.446
588.1,-2202540.659,-4664662.011,3739830.446
588.2,-2202540.659,-4664662.011,3739830.446
588.3,-2202540.659,-4664662.011,3739830.446
588.4,-2202540.659,-4664662.011,3739830.446
588.5,-2202540.659,-4664662.011,3739830.446
588.6,-2202540.659,-4664662.011,3739830.446
588.7,-2202540.659,-4664662.011,3739830.446
588.8,-2202540.659,-4664662.011,3739830.446
588.9,-2202540.659,-4664662.011,3739830.446
589.0,-2202540.659,-4664662.011,3739830.446
589.1,-2202540.659,-4664662.011,3739830.446
589.2,-2202540.659,-4664662.011,3739830.446
589.3,-2202540.659,-4664662.011,3739830.446
589.4,-2202540.659,-4664662.011,3739830.446
589.5,-2202540.659,-4664662.011,3739830.446
589.6,-2202540.659,-4664662.011,3739830.446
589.7,-2202540.659,-4664662.011,3739830.446
589.8,-2202540.659,-4664662.011,3739830.446
589.9,-2202540.659,-4664662.011,3739830.446
590.0,-2202540.659,-4664662.011,3739830.446
590.1,-2202540.659,-4664662.011,3739830.446
590.2,-2202540.659,-4664662.011,3739830.446
590.3,-2202540.659,-4664662.011,3739830.446
590.4,-2202540.659,-4664662.011,3739830.446
590.5,-2202540.659,-4664662.011,3739830.446
590.6,-2202540.659,-4664662.011,3739830.446
590.7,-2202540.659,-4664662.011,3739830.446
590.8,-2202540.659,-4664662.011,3739830.446
590.9,-2202540.659,-4664662.011,3739830.446
591.0,-2202540.659,-4664662.011,3739830.446
591.1,-2202540.659,-4664662.011,3739830.446
591.2,-2202540.659,-4664662.011,3739830.446
591.3,-2202540.659,-4664662.011,3739830.446
591.4,-2202540.659,-4664662.011,3739830.446
591.5,-2202540.659,-4664662.011,3739830.446
591.6,-2202540.659,-4664662.011,3739830.446
591.7,-2202540.659,-4664662.011,3739830.446
591.8,-2202540.659,-4664662.011,3739830.446
591.9,-2202540.659,-4664662.011,3739830.446
592.0,-2202540.659,-4664662.011,3739830.446
592.1,-2202540.659,-4664662.011,3739830.446
592.2,-2202540.659,-4664662.011,3739830.446
592.3,-2202540.659,-4664662.011,3739830.446
592.4,-2202540.659,-4664662.011,3739830.446
592.5,-2202540.659,-4664662.011,3739830.446
592.6,-2202540.659,-4664662.011,3739830.446
592.7,-2202540.659,-4664662.011,3739830.446
592.8,-2202540.659,-4664662.011,3739830.446
592.9,-2202540.659,-4664662.011,3739830.446
593.0,-2202540.659,-4664662.011,3739830.446
593.1,-2202540.659,-4664662.011,3739830.446
593.2,-2202540.659,-4664662.011,3739830.446
593.3,-2202540.659,-4664662.011,3739830.446
593.4,-2202540.659,-4664662.011,3739830.446
593.5,-2202540.659,-4664662.011,3739830.446
593.6,-2202540.659,-4664662.011,3739830.446
593.7,-2202540.659,-4664662.011,3739830.446
593.8,-2202540.659,-4664662.011,3739830.446
593.9,-2202540.659,-4664662.011,3739830.446
594.0,-2202540.659,-4664662.011,3739830.446
594.1,-2202540.659,-4664662.011,3739830.446
594.2,-2202540.659,-4664662.011,3739830.446
594.3,-2202540.659,-4664662.011,3739830.446
594.4,-2202540.659,-4664662.011,3739830.446
594.5,-2202540.659,-4664662.011,3739830.446
594.6,-2202540.659,-4664662.011,3739830.446
594.7,-2202540.659,-4664662.011,3739830.446
594.8,-2202540.659,-4664662.011,3739830.446
594.9,-2202540.659,-4664662.011,3739830.446
595.0,-2202540.659,-4664662.011,3739830.446
595.1,-2202540.659,-4664662.011,3739830.446
595.2,-2202540.659,-4664662.011,3739830.446
595.3,-2202540.659,-4664662.011,3739830.446
595.4,-2202540.659,-4664662.011,3739830.446
595.5,-2202540.659,-4664662.011,3739830.446
595.6,-2202540.659,-4664662.011,3739830.446
595.7,-2202540.659,-4664662.011,3739830.446
595.8,-2202540.659,-4664662.011,3739830.446
595.9,-2202540.659,-4664662.011,3739830.446
596.0,-2202540.659,-4664662.011,3739830.446
596.1,-2202540.659,-4664662.011,3739830.446
596.2,-2202540.659,-4664662.011,3739830.446
596.3,-2202540.659,-4664662.011,3739830.446
596.4,-2202540.659,-4664662.011,3739830.446
596.5,-2202540.659,-4664662.011,3739830.446
596.6,-2202540.659,-4664662.011,3739830.446
596.7,-2202540.659,-4664662.011,3739830.446
596.8,-2202540.659,-4664662.011,3739830.446
596.9,-2202540.659,-4664662.011,3739830.446
597.0,-2202540.659,-4664662.011,3739830.446
597.1,-2202540.659,-4664662.011,3739830.446
597.2,-2202540.659,-4664662.011,3739830.446
597.3,-2202540.659,-4664662.011,3739830.446
597.4,-2202540.659,-4664662.011,3739830.446
597.5,-2202540.659,-4664662.011,3739830.446
597.6,-2202540.659,-4664662.011,3739830.446
597.7,-2202540.659,-4664662.011,3739830.446
597.8,-2202540.659,-4664662.011,3739830.446
597.9,-2202540.659,-4664662.011,3739830.446
598.0,-2202540.659,-4664662.011,3739830.446
598.1,-2202540.659,-4664662.011,3739830.446
598.2,-2202540.659,-4664662.011,3739830.446
598.3,-2202540.659,-4664662.011,3739830.446
598.4,-2202540.659,-4664662.011,3739830.446
598.5,-2202540.659,-4664662.011,3739830.446
598.6,-2202540.659,-4664662.011,3739830.446
598.7,-2202540.659,-4664662.011,3739830.446
598.8,-2202540.659,-4664662.011,3739830.446
598.9,-2202540.659,-4664662.011,3739830.446
599.0,-2202540.659,-4664662.011,3739830.446
599.1,-2202540.659,-4664662.011,3739830.446
599.2,-2202540.659,-4664662.011,3739830.446
599.3,-2202540.659,-4664662.011,3739830.446
599.4,-2202540.659,-4664662.011,3739830.446
599.5,-2202540.659,-4664662.011,3739830.446
599.6,-2202540.659,-4664662.011,3739830.446
599.7,-2202540.659,-4664662.011,3739830.446
599.8,-2202540.659,-4664662.011,3739830.446
599.9,-2202540.659,-4664662.011,3739830.446
